2013-01-01 00:00:00,pickup,taxi-68,license-65,40.767632,-73.981575,,,,
2013-01-01 00:00:00,pickup,taxi-646,license-642,40.771091,-73.866135,,,,
2013-01-01 00:00:00,pickup,taxi-2398,license-2394,40.760880,-73.990784,,,,
2013-01-01 00:00:00,pickup,taxi-907,license-903,40.760185,-73.995056,,,,
2013-01-01 00:00:00,pickup,taxi-1560,license-1556,40.751640,-73.983597,,,,
2013-01-01 00:00:00,pickup,taxi-171,license-168,40.722607,-73.986130,,,,
2013-01-01 00:00:00,pickup,taxi-575,license-571,40.751236,-73.986702,,,,
2013-01-01 00:00:00,pickup,taxi-939,license-935,40.762054,-73.970207,,,,
2013-01-01 00:00:00,pickup,taxi-59,license-56,40.747868,-73.973907,,,,
2013-01-01 00:00:00,pickup,taxi-3627,license-3624,40.744183,-73.984016,,,,
2013-01-01 00:00:00,pickup,taxi-38,license-35,40.744263,-73.985603,,,,
2013-01-01 00:00:00,pickup,taxi-331,license-328,40.721268,-74.004646,,,,
2013-01-01 00:00:00,pickup,taxi-176,license-173,40.720558,-73.985435,,,,
2013-01-01 00:00:00,pickup,taxi-81,license-78,40.781693,-73.975723,,,,
2013-01-01 00:00:00,pickup,taxi-123,license-120,40.725121,-74.002998,,,,
2013-01-01 00:00:00,pickup,taxi-384,license-381,40.778755,-73.951073,,,,
2013-01-01 00:00:00,pickup,taxi-8,license-8,40.779728,-73.955383,,,,
2013-01-01 00:00:00,pickup,taxi-139,license-136,40.739651,-74.006355,,,,
2013-01-01 00:00:00,pickup,taxi-9,license-9,40.793140,-73.973000,,,,
2013-01-01 00:00:00,pickup,taxi-527,license-524,40.721516,-73.997810,,,,
2013-01-01 00:00:00,pickup,taxi-493,license-490,40.773769,-73.870834,,,,
2013-01-01 00:00:00,pickup,taxi-262,license-259,40.807728,-73.929344,,,,
2013-01-01 00:00:00,pickup,taxi-0,license-0,40.716976,-73.956528,,,,
2013-01-01 00:00:00,pickup,taxi-69,license-66,40.758751,-73.977318,,,,
2013-01-01 00:00:00,pickup,taxi-31,license-28,40.739567,-73.996132,,,,
2013-01-01 00:00:00,pickup,taxi-1261,license-1257,40.716721,-74.008217,,,,
2013-01-01 00:00:00,pickup,taxi-3807,license-3804,40.794228,-73.970512,,,,
2013-01-01 00:00:00,pickup,taxi-200,license-197,40.740765,-74.006927,,,,
2013-01-01 00:00:00,pickup,taxi-613,license-609,40.737343,-74.000526,,,,
2013-01-01 00:00:00,pickup,taxi-3365,license-3362,40.760178,-73.991325,,,,
2013-01-01 00:00:00,pickup,taxi-113,license-110,40.729988,-73.989616,,,,
2013-01-01 00:00:00,pickup,taxi-891,license-887,40.723797,-74.006218,,,,
2013-01-01 00:00:00,pickup,taxi-235,license-232,40.756966,-73.982605,,,,
2013-01-01 00:00:00,pickup,taxi-958,license-954,40.758041,-73.989845,,,,
2013-01-01 00:00:00,pickup,taxi-17,license-15,40.797359,-73.969841,,,,
2013-01-01 00:00:00,pickup,taxi-288,license-285,40.759190,-73.976761,,,,
2013-01-01 00:00:00,pickup,taxi-688,license-684,40.758945,-73.992195,,,,
2013-01-01 00:00:00,pickup,taxi-348,license-345,40.760181,-73.987488,,,,
2013-01-01 00:00:00,pickup,taxi-19,license-17,40.781887,-73.955925,,,,
2013-01-01 00:00:00,pickup,taxi-24,license-21,40.778091,-73.978325,,,,
2013-01-01 00:00:00,pickup,taxi-20,license-18,40.753723,-73.984871,,,,
2013-01-01 00:00:00,pickup,taxi-212,license-209,40.773914,-73.871170,,,,
2013-01-01 00:00:50,pickup,taxi-230,license-227,40.764046,-73.988571,,,,
2013-01-01 00:01:00,pickup,taxi-107,license-104,40.772266,-73.982651,,,,
2013-01-01 00:01:00,pickup,taxi-98,license-95,40.727650,-73.991226,,,,
2013-01-01 00:01:00,pickup,taxi-21,license-19,40.721241,-74.004517,,,,
2013-01-01 00:01:00,pickup,taxi-699,license-695,40.732510,-73.999191,,,,
2013-01-01 00:01:00,pickup,taxi-92,license-89,40.756817,-73.982841,,,,
2013-01-01 00:01:00,pickup,taxi-2779,license-2776,40.722225,-73.957573,,,,
2013-01-01 00:01:00,pickup,taxi-349,license-346,40.768738,-73.981438,,,,
2013-01-01 00:01:00,pickup,taxi-237,license-234,40.735069,-73.989380,,,,
2013-01-01 00:01:00,pickup,taxi-308,license-305,40.704819,-73.928864,,,,
2013-01-01 00:01:00,pickup,taxi-343,license-340,40.752037,-73.987488,,,,
2013-01-01 00:01:00,pickup,taxi-1185,license-1181,40.738300,-73.977486,,,,
2013-01-01 00:01:00,pickup,taxi-364,license-361,40.747272,-73.981277,,,,
2013-01-01 00:01:00,pickup,taxi-1878,license-1874,40.734543,-73.992271,,,,
2013-01-01 00:01:00,pickup,taxi-28,license-25,40.771168,-73.981918,,,,
2013-01-01 00:01:00,pickup,taxi-14,license-13,40.750706,-73.976753,,,,
2013-01-01 00:01:00,pickup,taxi-917,license-913,40.763474,-73.985291,,,,
2013-01-01 00:01:00,pickup,taxi-77,license-74,40.748501,-73.984154,,,,
2013-01-01 00:01:00,pickup,taxi-252,license-249,40.761108,-73.987167,,,,
2013-01-01 00:01:00,pickup,taxi-444,license-441,40.706707,-73.924957,,,,
2013-01-01 00:01:00,pickup,taxi-12,license-11,40.797031,-73.942841,,,,
2013-01-01 00:01:00,pickup,taxi-1942,license-1938,40.644848,-73.781883,,,,
2013-01-01 00:01:00,pickup,taxi-70,license-67,40.754387,-73.976227,,,,
2013-01-01 00:01:00,pickup,taxi-131,license-128,40.747089,-73.989639,,,,
2013-01-01 00:01:00,pickup,taxi-45,license-42,40.748531,-73.978241,,,,
2013-01-01 00:01:00,pickup,taxi-3129,license-3126,40.751385,-73.994164,,,,
2013-01-01 00:01:00,pickup,taxi-65,license-62,40.743141,-73.977051,,,,
2013-01-01 00:01:00,pickup,taxi-4112,license-4109,40.823254,-73.952904,,,,
2013-01-01 00:01:00,pickup,taxi-526,license-523,40.792583,-73.973473,,,,
2013-01-01 00:01:00,pickup,taxi-10,license-10,40.758980,-73.971138,,,,
2013-01-01 00:01:00,pickup,taxi-63,license-60,40.738632,-73.989853,,,,
2013-01-01 00:01:00,pickup,taxi-765,license-761,40.771442,-73.866348,,,,
2013-01-01 00:01:00,pickup,taxi-638,license-634,40.743671,-74.007080,,,,
2013-01-01 00:01:00,pickup,taxi-2385,license-2381,40.760738,-73.975647,,,,
2013-01-01 00:01:00,pickup,taxi-173,license-170,40.762428,-73.968193,,,,
2013-01-01 00:01:00,pickup,taxi-149,license-146,40.724186,-73.997627,,,,
2013-01-01 00:01:00,pickup,taxi-4,license-4,40.724861,-73.987373,,,,
2013-01-01 00:01:00,pickup,taxi-329,license-326,40.692364,-73.988876,,,,
2013-01-01 00:01:00,pickup,taxi-457,license-454,40.758446,-73.982132,,,,
2013-01-01 00:01:00,pickup,taxi-188,license-185,40.764027,-73.964813,,,,
2013-01-01 00:01:00,pickup,taxi-3,license-3,40.720947,-74.004173,,,,
2013-01-01 00:01:00,pickup,taxi-2,license-2,40.752827,-73.973145,,,,
2013-01-01 00:01:00,pickup,taxi-1974,license-1970,40.735882,-73.991570,,,,
2013-01-01 00:01:00,pickup,taxi-153,license-150,40.754681,-73.975868,,,,
2013-01-01 00:01:00,pickup,taxi-44,license-41,40.788998,-73.977806,,,,
2013-01-01 00:01:00,pickup,taxi-159,license-156,40.752403,-73.979721,,,,
2013-01-01 00:02:00,pickup,taxi-715,license-711,40.741211,-73.998177,,,,
2013-01-01 00:02:00,pickup,taxi-161,license-158,40.725422,-73.992073,,,,
2013-01-01 00:02:00,pickup,taxi-1306,license-1302,40.723316,-73.992828,,,,
2013-01-01 00:02:00,pickup,taxi-272,license-269,40.795097,-73.972839,,,,
2013-01-01 00:02:00,pickup,taxi-112,license-109,40.785511,-73.976662,,,,
2013-01-01 00:02:00,pickup,taxi-650,license-646,40.744362,-73.996300,,,,
2013-01-01 00:02:00,dropoff,taxi-0,license-0,40.715008,-73.962440,4.50,0.00,120,0.44
2013-01-01 00:02:00,pickup,taxi-323,license-320,40.759289,-73.995239,,,,
2013-01-01 00:02:00,pickup,taxi-2566,license-2563,40.795467,-73.950279,,,,
2013-01-01 00:02:00,pickup,taxi-865,license-861,40.760254,-73.995049,,,,
2013-01-01 00:02:00,pickup,taxi-105,license-102,40.771172,-73.956558,,,,
2013-01-01 00:02:00,pickup,taxi-698,license-694,40.753063,-73.979263,,,,
2013-01-01 00:02:00,pickup,taxi-114,license-111,40.729462,-73.987900,,,,
2013-01-01 00:02:00,pickup,taxi-214,license-211,40.785042,-73.955811,,,,
2013-01-01 00:02:00,pickup,taxi-18,license-16,40.733032,-74.003197,,,,
2013-01-01 00:02:00,pickup,taxi-625,license-621,40.741470,-73.981171,,,,
2013-01-01 00:02:00,pickup,taxi-1,license-1,0.000000,0.000000,,,,
2013-01-01 00:02:00,pickup,taxi-537,license-534,40.751488,-74.003433,,,,
2013-01-01 00:02:00,dropoff,taxi-1,license-1,0.000000,0.000000,27.50,0.00,0,0.00
2013-01-01 00:02:00,pickup,taxi-167,license-164,40.774647,-73.980080,,,,
2013-01-01 00:02:00,pickup,taxi-979,license-975,40.751469,-74.003418,,,,
2013-01-01 00:02:00,pickup,taxi-41,license-38,40.771561,-73.982018,,,,
2013-01-01 00:02:00,pickup,taxi-55,license-52,40.743763,-73.994514,,,,
2013-01-01 00:02:00,pickup,taxi-371,license-368,40.734962,-73.983299,,,,
2013-01-01 00:02:00,pickup,taxi-1778,license-1774,40.770378,-73.864784,,,,
2013-01-01 00:02:00,pickup,taxi-102,license-99,40.756634,-73.993950,,,,
2013-01-01 00:02:00,pickup,taxi-115,license-112,40.725605,-74.005196,,,,
2013-01-01 00:02:00,pickup,taxi-117,license-114,40.761574,-73.980179,,,,
2013-01-01 00:02:00,pickup,taxi-204,license-201,40.770512,-73.987541,,,,
2013-01-01 00:02:00,pickup,taxi-234,license-231,40.739594,-74.006386,,,,
2013-01-01 00:02:00,pickup,taxi-2552,license-2549,40.825035,-73.940285,,,,
2013-01-01 00:02:00,pickup,taxi-825,license-821,40.771156,-73.866615,,,,
2013-01-01 00:02:00,pickup,taxi-344,license-341,40.718452,-73.987297,,,,
2013-01-01 00:02:00,pickup,taxi-2001,license-1997,40.648533,-73.785126,,,,
2013-01-01 00:02:00,pickup,taxi-278,license-275,40.775436,-73.953522,,,,
2013-01-01 00:02:00,pickup,taxi-451,license-448,40.779736,-73.950485,,,,
2013-01-01 00:02:00,pickup,taxi-733,license-729,40.734070,-73.998688,,,,
2013-01-01 00:02:00,pickup,taxi-401,license-398,40.744347,-73.987274,,,,
2013-01-01 00:02:00,pickup,taxi-2621,license-2618,40.773819,-73.871201,,,,
2013-01-01 00:02:00,pickup,taxi-1460,license-1456,40.771366,-73.866074,,,,
2013-01-01 00:02:00,pickup,taxi-86,license-83,40.691143,-73.981956,,,,
2013-01-01 00:02:00,pickup,taxi-3765,license-3762,40.784039,-73.978249,,,,
2013-01-01 00:02:00,pickup,taxi-875,license-871,40.753826,-73.980614,,,,
2013-01-01 00:02:00,pickup,taxi-5,license-5,0.000000,0.000000,,,,
2013-01-01 00:02:00,pickup,taxi-85,license-82,40.730213,-73.991203,,,,
2013-01-01 00:02:00,pickup,taxi-895,license-891,40.759525,-73.980873,,,,
2013-01-01 00:02:00,pickup,taxi-1028,license-1024,40.653111,-73.959297,,,,
2013-01-01 00:02:00,pickup,taxi-947,license-943,40.702393,-74.013016,,,,
2013-01-01 00:02:00,pickup,taxi-33,license-30,40.734070,-73.992805,,,,
2013-01-01 00:02:00,pickup,taxi-26,license-23,40.769608,-73.981934,,,,
2013-01-01 00:02:00,pickup,taxi-413,license-410,40.756126,-73.975174,,,,
2013-01-01 00:02:00,pickup,taxi-6,license-6,40.781475,-73.981544,,,,
2013-01-01 00:02:00,pickup,taxi-801,license-797,40.716583,-73.981865,,,,
2013-01-01 00:02:00,pickup,taxi-633,license-629,40.724911,-73.981285,,,,
2013-01-01 00:02:00,pickup,taxi-380,license-377,40.788586,-73.976074,,,,
2013-01-01 00:02:00,pickup,taxi-342,license-339,40.731487,-74.006630,,,,
2013-01-01 00:02:00,pickup,taxi-72,license-69,40.779541,-73.955521,,,,
2013-01-01 00:02:00,pickup,taxi-111,license-108,40.749962,-73.991653,,,,
2013-01-01 00:03:00,pickup,taxi-32,license-29,40.729763,-73.980782,,,,
2013-01-01 00:03:00,pickup,taxi-141,license-138,40.733585,-73.980972,,,,
2013-01-01 00:03:00,dropoff,taxi-6,license-6,40.784386,-73.979439,4.70,0.70,60,0.39
2013-01-01 00:03:00,pickup,taxi-30,license-27,40.720367,-73.996834,,,,
2013-01-01 00:03:00,pickup,taxi-7,license-7,40.751266,-73.993973,,,,
2013-01-01 00:03:00,pickup,taxi-724,license-720,40.739410,-74.006721,,,,
2013-01-01 00:03:00,pickup,taxi-140,license-137,40.783459,-73.978043,,,,
2013-01-01 00:03:00,pickup,taxi-639,license-635,40.734406,-74.002106,,,,
2013-01-01 00:03:00,pickup,taxi-1720,license-1716,40.644558,-73.782227,,,,
2013-01-01 00:03:00,pickup,taxi-136,license-133,40.731068,-73.990463,,,,
2013-01-01 00:03:00,pickup,taxi-78,license-75,40.744640,-73.981041,,,,
2013-01-01 00:03:00,pickup,taxi-1468,license-1464,40.721306,-73.997360,,,,
2013-01-01 00:03:00,pickup,taxi-410,license-407,40.765190,-73.961067,,,,
2013-01-01 00:03:00,pickup,taxi-445,license-442,40.761978,-73.963402,,,,
2013-01-01 00:03:00,pickup,taxi-71,license-68,40.689034,-73.980911,,,,
2013-01-01 00:03:00,pickup,taxi-133,license-130,40.755005,-73.965294,,,,
2013-01-01 00:03:00,pickup,taxi-11,license-5,0.000000,0.000000,,,,
2013-01-01 00:03:00,pickup,taxi-101,license-98,40.715897,-73.961761,,,,
2013-01-01 00:03:00,pickup,taxi-175,license-172,40.761608,-73.960693,,,,
2013-01-01 00:03:00,pickup,taxi-731,license-727,40.740875,-73.991890,,,,
2013-01-01 00:03:00,pickup,taxi-990,license-986,40.750626,-73.980942,,,,
2013-01-01 00:03:00,pickup,taxi-377,license-374,40.762695,-73.968529,,,,
2013-01-01 00:03:00,pickup,taxi-337,license-334,40.773678,-73.870781,,,,
2013-01-01 00:03:00,pickup,taxi-1943,license-1939,40.752216,-73.987648,,,,
2013-01-01 00:03:00,dropoff,taxi-5,license-5,0.000000,0.000000,3.75,0.25,60,0.00
2013-01-01 00:03:00,pickup,taxi-732,license-728,40.680187,-73.974586,,,,
2013-01-01 00:03:00,pickup,taxi-1086,license-1082,40.806221,-73.965355,,,,
2013-01-01 00:03:00,pickup,taxi-192,license-189,40.743359,-74.006920,,,,
2013-01-01 00:03:00,pickup,taxi-2113,license-2109,40.769562,-73.928009,,,,
2013-01-01 00:03:00,pickup,taxi-148,license-145,40.716228,-73.991791,,,,
2013-01-01 00:03:00,pickup,taxi-125,license-122,40.782234,-73.951385,,,,
2013-01-01 00:03:00,pickup,taxi-62,license-59,40.731953,-74.003708,,,,
2013-01-01 00:03:00,pickup,taxi-60,license-57,40.752041,-73.973701,,,,
2013-01-01 00:03:00,pickup,taxi-754,license-750,40.771591,-73.865211,,,,
2013-01-01 00:03:00,pickup,taxi-1482,license-1478,40.750706,-73.976784,,,,
2013-01-01 00:03:00,pickup,taxi-1210,license-1206,40.758743,-73.988914,,,,
2013-01-01 00:03:00,pickup,taxi-605,license-601,40.755409,-73.998489,,,,
2013-01-01 00:03:00,pickup,taxi-2193,license-2189,40.765125,-73.974487,,,,
2013-01-01 00:03:00,pickup,taxi-13,license-12,40.721924,-73.989189,,,,
2013-01-01 00:03:00,pickup,taxi-122,license-119,40.782944,-73.955856,,,,
2013-01-01 00:03:00,dropoff,taxi-4,license-4,40.730995,-73.983772,5.00,0.00,120,0.61
2013-01-01 00:03:00,pickup,taxi-2554,license-2551,40.742378,-74.000580,,,,
2013-01-01 00:03:00,pickup,taxi-94,license-91,40.733234,-73.999779,,,,
2013-01-01 00:03:00,pickup,taxi-1783,license-1779,40.750359,-73.991692,,,,
2013-01-01 00:03:00,pickup,taxi-353,license-350,40.722580,-73.987511,,,,
2013-01-01 00:03:00,pickup,taxi-738,license-734,40.721977,-73.991928,,,,
2013-01-01 00:03:00,pickup,taxi-96,license-93,40.784279,-73.970123,,,,
2013-01-01 00:03:00,pickup,taxi-739,license-735,40.743877,-73.983650,,,,
2013-01-01 00:03:00,pickup,taxi-97,license-94,40.736568,-73.990761,,,,
2013-01-01 00:03:00,pickup,taxi-202,license-199,40.763809,-73.973419,,,,
2013-01-01 00:03:00,pickup,taxi-40,license-37,40.798622,-73.970779,,,,
2013-01-01 00:03:00,pickup,taxi-3563,license-3560,40.740017,-74.005959,,,,
2013-01-01 00:03:00,pickup,taxi-966,license-962,40.707336,-74.015640,,,,
2013-01-01 00:03:00,pickup,taxi-1853,license-1849,40.799122,-73.970428,,,,
2013-01-01 00:03:00,pickup,taxi-806,license-802,40.740421,-74.006180,,,,
2013-01-01 00:03:00,pickup,taxi-116,license-113,40.772263,-73.982597,,,,
2013-01-01 00:03:00,dropoff,taxi-3,license-3,40.726189,-74.003838,5.00,0.00,120,0.48
2013-01-01 00:03:00,pickup,taxi-3071,license-3068,40.726955,-73.991531,,,,
2013-01-01 00:03:00,pickup,taxi-275,license-272,40.764336,-73.972549,,,,
2013-01-01 00:03:00,dropoff,taxi-2,license-2,40.760445,-73.965897,5.00,0.00,120,0.71
2013-01-01 00:03:00,pickup,taxi-169,license-166,40.733292,-73.993263,,,,
2013-01-01 00:03:00,pickup,taxi-298,license-295,40.750946,-73.982849,,,,
2013-01-01 00:03:00,pickup,taxi-3496,license-3493,40.720993,-73.956535,,,,
2013-01-01 00:03:00,pickup,taxi-2254,license-2250,40.749886,-73.993683,,,,
2013-01-01 00:03:00,pickup,taxi-4357,license-4354,40.749695,-73.993294,,,,
2013-01-01 00:03:00,pickup,taxi-325,license-322,40.758556,-73.981964,,,,
2013-01-01 00:03:00,pickup,taxi-324,license-321,40.779186,-73.954796,,,,
2013-01-01 00:03:00,pickup,taxi-501,license-498,40.746986,-74.004570,,,,
2013-01-01 00:03:00,pickup,taxi-49,license-46,40.762943,-73.974197,,,,
2013-01-01 00:03:00,pickup,taxi-1978,license-1974,40.776798,-73.949585,,,,
2013-01-01 00:03:00,pickup,taxi-15,license-5,40.758369,-73.937637,,,,
2013-01-01 00:03:00,pickup,taxi-48,license-45,40.780426,-73.959091,,,,
2013-01-01 00:03:00,pickup,taxi-4053,license-4050,40.756042,-73.970634,,,,
2013-01-01 00:03:00,pickup,taxi-16,license-14,40.752525,-73.981972,,,,
2013-01-01 00:03:00,pickup,taxi-46,license-43,40.714104,-73.952194,,,,
2013-01-01 00:03:00,pickup,taxi-1310,license-1306,40.726559,-73.977066,,,,
2013-01-01 00:03:00,pickup,taxi-2091,license-2087,40.761597,-73.974510,,,,
2013-01-01 00:03:00,pickup,taxi-1665,license-1661,0.000000,0.000000,,,,
2013-01-01 00:03:00,pickup,taxi-43,license-40,40.790169,-73.952080,,,,
2013-01-01 00:03:00,pickup,taxi-553,license-550,40.777531,-73.978561,,,,
2013-01-01 00:03:00,pickup,taxi-542,license-539,40.768906,-73.955147,,,,
2013-01-01 00:03:38,pickup,taxi-29,license-26,40.739761,-73.989891,,,,
2013-01-01 00:04:00,pickup,taxi-110,license-107,40.757755,-73.982407,,,,
2013-01-01 00:04:00,dropoff,taxi-15,license-5,40.758350,-73.937607,3.75,0.25,60,0.00
2013-01-01 00:04:00,pickup,taxi-1514,license-1510,40.734970,-73.991051,,,,
2013-01-01 00:04:00,pickup,taxi-206,license-203,40.733475,-74.002449,,,,
2013-01-01 00:04:00,pickup,taxi-624,license-620,40.743336,-73.979889,,,,
2013-01-01 00:04:00,pickup,taxi-357,license-354,40.705269,-74.007538,,,,
2013-01-01 00:04:00,pickup,taxi-61,license-58,40.702072,-73.992683,,,,
2013-01-01 00:04:00,pickup,taxi-863,license-859,40.719254,-73.956230,,,,
2013-01-01 00:04:00,pickup,taxi-1527,license-1523,40.741436,-73.988976,,,,
2013-01-01 00:04:00,pickup,taxi-516,license-513,40.724236,-73.990601,,,,
2013-01-01 00:04:00,pickup,taxi-1343,license-1339,40.756039,-73.994339,,,,
2013-01-01 00:04:00,pickup,taxi-22,license-20,40.770588,-73.987389,,,,
2013-01-01 00:04:00,dropoff,taxi-14,license-13,40.750729,-73.990089,6.00,0.00,180,0.95
2013-01-01 00:04:00,pickup,taxi-311,license-308,40.761337,-73.997383,,,,
2013-01-01 00:04:00,dropoff,taxi-13,license-12,0.000000,0.000000,3.50,0.00,60,0.00
2013-01-01 00:04:00,pickup,taxi-648,license-644,40.720867,-73.997551,,,,
2013-01-01 00:04:00,pickup,taxi-1176,license-1172,40.724010,-73.993668,,,,
2013-01-01 00:04:00,pickup,taxi-23,license-5,40.705162,-73.802734,,,,
2013-01-01 00:04:00,pickup,taxi-548,license-545,40.736591,-73.995018,,,,
2013-01-01 00:04:00,pickup,taxi-685,license-681,40.775612,-73.964539,,,,
2013-01-01 00:04:00,pickup,taxi-182,license-179,40.738140,-74.009277,,,,
2013-01-01 00:04:00,pickup,taxi-295,license-292,40.725620,-74.005363,,,,
2013-01-01 00:04:00,pickup,taxi-870,license-866,40.726917,-74.003235,,,,
2013-01-01 00:04:00,pickup,taxi-436,license-433,40.752422,-73.982300,,,,
2013-01-01 00:04:00,pickup,taxi-292,license-289,40.791821,-73.965034,,,,
2013-01-01 00:04:00,pickup,taxi-2541,license-2538,40.771893,-73.982101,,,,
2013-01-01 00:04:00,pickup,taxi-88,license-85,40.736156,-73.991669,,,,
2013-01-01 00:04:00,pickup,taxi-681,license-677,40.753899,-73.970024,,,,
2013-01-01 00:04:00,pickup,taxi-1375,license-1371,40.740376,-74.006142,,,,
2013-01-01 00:04:00,pickup,taxi-678,license-674,40.736561,-73.990860,,,,
2013-01-01 00:04:00,pickup,taxi-710,license-706,40.741348,-74.006172,,,,
2013-01-01 00:04:00,pickup,taxi-1472,license-1468,40.752876,-73.969902,,,,
2013-01-01 00:04:00,pickup,taxi-190,license-187,40.732746,-74.003250,,,,
2013-01-01 00:04:00,pickup,taxi-83,license-80,40.741425,-73.989662,,,,
2013-01-01 00:04:00,dropoff,taxi-12,license-11,40.797314,-73.934540,5.50,0.00,180,0.84
2013-01-01 00:04:00,pickup,taxi-108,license-105,40.735428,-73.998390,,,,
2013-01-01 00:04:00,pickup,taxi-438,license-435,40.723759,-73.996437,,,,
2013-01-01 00:04:00,pickup,taxi-144,license-141,40.733109,-73.998337,,,,
2013-01-01 00:04:00,dropoff,taxi-11,license-5,0.000000,0.000000,4.07,0.07,60,0.00
2013-01-01 00:04:00,pickup,taxi-713,license-709,40.693302,-73.972618,,,,
2013-01-01 00:04:00,pickup,taxi-1033,license-1029,40.714241,-74.006401,,,,
2013-01-01 00:04:00,pickup,taxi-27,license-24,40.769287,-73.954994,,,,
2013-01-01 00:04:00,pickup,taxi-847,license-843,40.726063,-73.989563,,,,
2013-01-01 00:04:00,pickup,taxi-247,license-244,40.772678,-73.981148,,,,
2013-01-01 00:04:00,pickup,taxi-80,license-77,40.740417,-73.979141,,,,
2013-01-01 00:04:00,dropoff,taxi-10,license-10,40.752502,-73.972206,5.50,0.00,180,0.74
2013-01-01 00:04:00,pickup,taxi-1127,license-1123,40.757309,-73.966995,,,,
2013-01-01 00:04:00,pickup,taxi-992,license-988,40.719452,-73.997437,,,,
2013-01-01 00:04:00,pickup,taxi-612,license-608,40.795849,-73.972610,,,,
2013-01-01 00:04:00,pickup,taxi-3438,license-3435,40.741890,-74.003586,,,,
2013-01-01 00:04:00,pickup,taxi-180,license-177,40.708904,-74.017014,,,,
2013-01-01 00:04:00,pickup,taxi-1797,license-1793,40.720749,-73.997475,,,,
2013-01-01 00:04:00,pickup,taxi-138,license-135,40.749168,-73.988251,,,,
2013-01-01 00:04:00,dropoff,taxi-9,license-9,40.778465,-73.981453,8.30,1.30,240,1.21
2013-01-01 00:04:00,dropoff,taxi-8,license-8,40.760326,-73.967758,7.50,0.00,240,1.71
2013-01-01 00:04:00,dropoff,taxi-7,license-7,0.000000,0.000000,3.50,0.00,60,0.00
2013-01-01 00:04:00,pickup,taxi-250,license-247,40.771908,-73.982826,,,,
2013-01-01 00:04:00,pickup,taxi-1929,license-1925,40.760139,-73.969315,,,,
2013-01-01 00:04:00,pickup,taxi-1725,license-1721,40.776943,-73.963699,,,,
2013-01-01 00:04:00,pickup,taxi-610,license-606,40.759014,-73.994087,,,,
2013-01-01 00:04:00,pickup,taxi-568,license-564,0.000000,0.000000,,,,
2013-01-01 00:04:00,pickup,taxi-178,license-175,40.721714,-73.995430,,,,
2013-01-01 00:04:00,pickup,taxi-142,license-139,40.743126,-74.000031,,,,
2013-01-01 00:04:00,pickup,taxi-813,license-809,40.744267,-73.984360,,,,
2013-01-01 00:04:00,pickup,taxi-143,license-140,40.757408,-73.973976,,,,
2013-01-01 00:04:00,pickup,taxi-177,license-174,40.754452,-73.968765,,,,
2013-01-01 00:04:00,pickup,taxi-1129,license-1125,40.752762,-74.004303,,,,
2013-01-01 00:04:00,pickup,taxi-446,license-443,40.765018,-73.976913,,,,
2013-01-01 00:04:00,pickup,taxi-597,license-593,40.736137,-74.005882,,,,
2013-01-01 00:04:00,pickup,taxi-67,license-64,40.776386,-73.948280,,,,
2013-01-01 00:04:00,pickup,taxi-284,license-281,40.765266,-73.996803,,,,
2013-01-01 00:04:00,pickup,taxi-659,license-655,41.453693,-71.309334,,,,
2013-01-01 00:04:00,pickup,taxi-261,license-258,40.769474,-73.982025,,,,
2013-01-01 00:04:00,pickup,taxi-34,license-31,40.721947,-73.999710,,,,
2013-01-01 00:04:00,pickup,taxi-822,license-818,40.720947,-73.997597,,,,
2013-01-01 00:04:00,pickup,taxi-2288,license-2284,40.739693,-74.006508,,,,
2013-01-01 00:04:00,pickup,taxi-1136,license-1132,40.764576,-73.969658,,,,
2013-01-01 00:04:00,pickup,taxi-276,license-273,40.721161,-73.993782,,,,
2013-01-01 00:04:00,pickup,taxi-266,license-263,40.740173,-74.007721,,,,
2013-01-01 00:04:00,pickup,taxi-56,license-53,40.744404,-73.981209,,,,
2013-01-01 00:04:00,pickup,taxi-604,license-600,40.734653,-74.000153,,,,
2013-01-01 00:04:00,pickup,taxi-54,license-51,40.778934,-73.953842,,,,
2013-01-01 00:04:00,pickup,taxi-168,license-165,40.717865,-73.995102,,,,
2013-01-01 00:04:00,pickup,taxi-273,license-270,40.784184,-73.977661,,,,
2013-01-01 00:04:00,pickup,taxi-53,license-50,40.752300,-73.981934,,,,
2013-01-01 00:04:00,pickup,taxi-579,license-575,40.773949,-73.874443,,,,
2013-01-01 00:04:00,pickup,taxi-166,license-163,40.733204,-73.987282,,,,
2013-01-01 00:04:00,pickup,taxi-52,license-49,40.782936,-73.900429,,,,
2013-01-01 00:04:00,pickup,taxi-51,license-48,40.790195,-73.952072,,,,
2013-01-01 00:04:00,pickup,taxi-164,license-161,40.736626,-73.990829,,,,
2013-01-01 00:04:00,pickup,taxi-2121,license-2117,40.718788,-74.006378,,,,
2013-01-01 00:04:00,pickup,taxi-2124,license-2120,40.737068,-73.877716,,,,
2013-01-01 00:04:00,pickup,taxi-47,license-44,40.750214,-73.991043,,,,
2013-01-01 00:04:00,pickup,taxi-929,license-925,40.766998,-73.986320,,,,
2013-01-01 00:04:00,pickup,taxi-270,license-267,40.740276,-74.007813,,,,
2013-01-01 00:04:00,pickup,taxi-2232,license-2228,40.756489,-73.993935,,,,
2013-01-01 00:04:00,pickup,taxi-1112,license-1108,40.730610,-73.990585,,,,
2013-01-01 00:04:17,pickup,taxi-1671,license-1667,40.724003,-73.984367,,,,
2013-01-01 00:05:00,pickup,taxi-228,license-225,40.745132,-73.992172,,,,
2013-01-01 00:05:00,pickup,taxi-536,license-533,40.721149,-74.004463,,,,
2013-01-01 00:05:00,dropoff,taxi-17,license-15,40.812466,-73.961899,7.50,0.00,300,0.13
2013-01-01 00:05:00,pickup,taxi-2420,license-2416,40.767933,-73.995644,,,,
2013-01-01 00:05:00,pickup,taxi-162,license-159,40.771023,-73.959694,,,,
2013-01-01 00:05:00,pickup,taxi-326,license-323,40.720249,-73.993423,,,,
2013-01-01 00:05:00,pickup,taxi-647,license-643,40.752701,-73.979141,,,,
2013-01-01 00:05:00,pickup,taxi-307,license-304,40.718376,-73.988373,,,,
2013-01-01 00:05:00,pickup,taxi-1014,license-1010,40.749229,-73.984291,,,,
2013-01-01 00:05:00,pickup,taxi-155,license-152,40.771648,-73.982101,,,,
2013-01-01 00:05:00,dropoff,taxi-18,license-16,40.717377,-74.012985,8.62,1.62,180,1.55
2013-01-01 00:05:00,pickup,taxi-777,license-773,40.719425,-73.956032,,,,
2013-01-01 00:05:00,pickup,taxi-154,license-151,40.734211,-73.999390,,,,
2013-01-01 00:05:00,pickup,taxi-593,license-589,40.728577,-73.999931,,,,
2013-01-01 00:05:00,dropoff,taxi-19,license-17,40.777832,-73.963181,6.00,0.00,300,0.61
2013-01-01 00:05:00,dropoff,taxi-20,license-18,40.754467,-73.983849,5.50,0.00,300,0.06
2013-01-01 00:05:00,pickup,taxi-152,license-149,40.783894,-73.977890,,,,
2013-01-01 00:05:00,pickup,taxi-1494,license-1490,40.795979,-73.969063,,,,
2013-01-01 00:05:00,pickup,taxi-772,license-768,40.694859,-73.983688,,,,
2013-01-01 00:05:00,pickup,taxi-1229,license-1225,40.745735,-74.005501,,,,
2013-01-01 00:05:00,dropoff,taxi-21,license-19,40.719055,-73.997459,7.10,1.10,240,0.59
2013-01-01 00:05:00,dropoff,taxi-22,license-20,40.775196,-73.984077,4.50,0.00,60,0.52
2013-01-01 00:05:00,pickup,taxi-1011,license-1007,40.768631,-73.981941,,,,
2013-01-01 00:05:00,pickup,taxi-1004,license-1000,40.734268,-74.002518,,,,
2013-01-01 00:05:00,pickup,taxi-294,license-291,40.764118,-73.973206,,,,
2013-01-01 00:05:00,pickup,taxi-25,license-22,40.759102,-73.992104,,,,
2013-01-01 00:05:00,pickup,taxi-1477,license-1473,40.723488,-73.988266,,,,
2013-01-01 00:05:00,pickup,taxi-146,license-143,40.738194,-74.008369,,,,
2013-01-01 00:05:00,pickup,taxi-883,license-879,40.762699,-73.993256,,,,
2013-01-01 00:05:00,pickup,taxi-793,license-789,40.751846,-74.004318,,,,
2013-01-01 00:05:00,pickup,taxi-145,license-142,40.775349,-73.953491,,,,
2013-01-01 00:05:00,pickup,taxi-794,license-790,40.750546,-73.977371,,,,
2013-01-01 00:05:00,pickup,taxi-885,license-881,40.787395,-73.971451,,,,
2013-01-01 00:05:00,pickup,taxi-3320,license-3317,40.729015,-73.988686,,,,
2013-01-01 00:05:00,pickup,taxi-404,license-401,40.745373,-73.988914,,,,
2013-01-01 00:05:00,pickup,taxi-376,license-373,40.743385,-73.989990,,,,
2013-01-01 00:05:00,pickup,taxi-289,license-286,40.740196,-74.005920,,,,
2013-01-01 00:05:00,pickup,taxi-4450,license-4447,40.714016,-73.952797,,,,
2013-01-01 00:05:00,pickup,taxi-10,license-10,40.753242,-73.974068,,,,
2013-01-01 00:05:00,pickup,taxi-490,license-487,40.723351,-73.995628,,,,
2013-01-01 00:05:00,pickup,taxi-483,license-480,40.733627,-73.989792,,,,
2013-01-01 00:05:00,pickup,taxi-1240,license-1236,40.776997,-73.986580,,,,
2013-01-01 00:05:00,pickup,taxi-1099,license-1095,40.775211,-73.962997,,,,
2013-01-01 00:05:00,pickup,taxi-383,license-380,40.803532,-73.952911,,,,
2013-01-01 00:05:00,pickup,taxi-2015,license-2011,40.773041,-73.876625,,,,
2013-01-01 00:05:00,pickup,taxi-1222,license-1218,40.767925,-73.995522,,,,
2013-01-01 00:05:00,pickup,taxi-282,license-279,40.729465,-73.978104,,,,
2013-01-01 00:05:00,pickup,taxi-541,license-538,40.719402,-73.997421,,,,
2013-01-01 00:05:00,pickup,taxi-134,license-131,40.759922,-73.958847,,,,
2013-01-01 00:05:00,pickup,taxi-1542,license-1538,40.718899,-73.960922,,,,
2013-01-01 00:05:00,pickup,taxi-318,license-315,40.734802,-74.003143,,,,
2013-01-01 00:05:00,pickup,taxi-2520,license-2517,40.780796,-73.976387,,,,
2013-01-01 00:05:00,pickup,taxi-36,license-33,40.756016,-73.994644,,,,
2013-01-01 00:05:00,pickup,taxi-132,license-129,40.721382,-74.001602,,,,
2013-01-01 00:05:00,pickup,taxi-279,license-276,40.727551,-74.001480,,,,
2013-01-01 00:05:00,pickup,taxi-37,license-34,40.763073,-73.985832,,,,
2013-01-01 00:05:00,pickup,taxi-39,license-36,40.764240,-73.988388,,,,
2013-01-01 00:05:00,pickup,taxi-277,license-274,40.762547,-73.963203,,,,
2013-01-01 00:05:00,pickup,taxi-910,license-906,40.719501,-73.988640,,,,
2013-01-01 00:05:00,pickup,taxi-476,license-473,40.744244,-73.991837,,,,
2013-01-01 00:05:00,pickup,taxi-128,license-125,40.725056,-73.980980,,,,
2013-01-01 00:05:00,pickup,taxi-321,license-318,40.738163,-73.991150,,,,
2013-01-01 00:05:00,pickup,taxi-191,license-188,40.714828,-74.008026,,,,
2013-01-01 00:05:00,pickup,taxi-42,license-39,40.711761,-73.942787,,,,
2013-01-01 00:05:00,pickup,taxi-1999,license-1995,40.760120,-73.987762,,,,
2013-01-01 00:05:00,pickup,taxi-2351,license-2347,40.722633,-74.003510,,,,
2013-01-01 00:05:00,pickup,taxi-3052,license-3049,40.689308,-73.975060,,,,
2013-01-01 00:05:00,pickup,taxi-1437,license-1433,40.716667,0.000000,,,,
2013-01-01 00:05:00,pickup,taxi-126,license-123,40.672588,-73.969093,,,,
2013-01-01 00:05:00,pickup,taxi-271,license-268,40.761272,-73.999413,,,,
2013-01-01 00:05:00,pickup,taxi-932,license-928,40.761223,-73.960754,,,,
2013-01-01 00:05:00,pickup,taxi-50,license-47,40.773582,-73.959991,,,,
2013-01-01 00:05:00,pickup,taxi-1682,license-1678,40.735329,-74.000320,,,,
2013-01-01 00:05:00,pickup,taxi-1209,license-1205,40.766895,-73.967491,,,,
2013-01-01 00:05:00,pickup,taxi-3579,license-3576,40.723843,-73.996902,,,,
2013-01-01 00:05:00,pickup,taxi-459,license-456,40.726276,-73.989548,,,,
2013-01-01 00:05:00,pickup,taxi-3398,license-3395,40.745941,-73.980026,,,,
2013-01-01 00:05:00,pickup,taxi-1206,license-1202,40.768768,-73.981316,,,,
2013-01-01 00:05:00,pickup,taxi-330,license-327,40.751293,-73.994049,,,,
2013-01-01 00:05:00,pickup,taxi-455,license-452,40.774754,-73.953934,,,,
2013-01-01 00:05:00,pickup,taxi-119,license-116,40.740501,-74.005630,,,,
2013-01-01 00:05:00,pickup,taxi-1421,license-1417,40.670151,-73.986549,,,,
2013-01-01 00:05:00,pickup,taxi-201,license-198,40.775406,-73.956627,,,,
2013-01-01 00:05:00,dropoff,taxi-16,license-14,40.747738,-73.985313,5.00,0.00,120,0.52
2013-01-01 00:05:00,pickup,taxi-1945,license-1941,40.722736,-73.976753,,,,
2013-01-01 00:05:00,pickup,taxi-1567,license-1563,40.772781,-73.981651,,,,
2013-01-01 00:05:00,pickup,taxi-334,license-331,40.749832,-73.991661,,,,
2013-01-01 00:05:00,pickup,taxi-1572,license-1568,40.770988,-73.865273,,,,
2013-01-01 00:05:00,pickup,taxi-521,license-518,40.744991,-73.982651,,,,
2013-01-01 00:05:00,pickup,taxi-66,license-63,40.756626,-73.997749,,,,
2013-01-01 00:05:00,pickup,taxi-3298,license-3295,40.744099,-73.984047,,,,
2013-01-01 00:05:00,pickup,taxi-257,license-254,40.752129,-73.977837,,,,
2013-01-01 00:05:00,pickup,taxi-692,license-688,40.761269,-73.975189,,,,
2013-01-01 00:05:00,pickup,taxi-425,license-422,40.738567,-73.988022,,,,
2013-01-01 00:05:00,pickup,taxi-207,license-204,40.731342,-73.992157,,,,
2013-01-01 00:05:00,pickup,taxi-520,license-517,40.778656,-73.982056,,,,
2013-01-01 00:05:00,pickup,taxi-846,license-842,40.763443,-73.996254,,,,
2013-01-01 00:05:00,pickup,taxi-73,license-70,40.779598,-73.955826,,,,
2013-01-01 00:05:00,pickup,taxi-209,license-206,40.743916,-73.983902,,,,
2013-01-01 00:05:00,pickup,taxi-1406,license-1402,40.771088,-73.866203,,,,
2013-01-01 00:05:00,pickup,taxi-1078,license-1074,40.718403,-73.961655,,,,
2013-01-01 00:05:00,pickup,taxi-950,license-946,40.704037,-73.927620,,,,
2013-01-01 00:05:00,pickup,taxi-443,license-440,40.736832,-73.990692,,,,
2013-01-01 00:05:00,pickup,taxi-1157,license-1153,40.771332,-73.956284,,,,
2013-01-01 00:05:00,pickup,taxi-611,license-607,40.734737,-74.004654,,,,
2013-01-01 00:05:00,pickup,taxi-442,license-439,40.721458,-73.997475,,,,
2013-01-01 00:05:00,pickup,taxi-1163,license-1159,40.732792,-73.981621,,,,
2013-01-01 00:05:00,pickup,taxi-1352,license-1348,40.734032,-73.995064,,,,
2013-01-01 00:05:00,pickup,taxi-2319,license-2315,40.778625,-73.945518,,,,
2013-01-01 00:05:00,pickup,taxi-727,license-723,40.722248,-73.993202,,,,
2013-01-01 00:05:00,pickup,taxi-363,license-360,40.752647,-73.979088,,,,
2013-01-01 00:05:00,pickup,taxi-79,license-76,40.771332,-73.956566,,,,
2013-01-01 00:05:00,pickup,taxi-567,license-563,40.645378,-73.776657,,,,
2013-01-01 00:05:00,pickup,taxi-1191,license-1187,40.769829,-73.995049,,,,
2013-01-01 00:05:00,pickup,taxi-217,license-214,40.726692,-73.994003,,,,
2013-01-01 00:05:00,pickup,taxi-623,license-619,40.732712,-74.002197,,,,
2013-01-01 00:05:00,pickup,taxi-15,license-5,40.758381,-73.937752,,,,
2013-01-01 00:05:00,pickup,taxi-2633,license-2630,0.000000,0.000000,,,,
2013-01-01 00:05:00,pickup,taxi-358,license-355,40.727825,-73.979202,,,,
2013-01-01 00:05:00,pickup,taxi-84,license-81,40.778328,-73.958488,,,,
2013-01-01 00:05:00,pickup,taxi-220,license-217,40.728844,-74.000473,,,,
2013-01-01 00:05:00,pickup,taxi-1914,license-1910,40.732548,-74.009651,,,,
2013-01-01 00:05:00,pickup,taxi-241,license-238,40.744041,-73.983650,,,,
2013-01-01 00:05:00,pickup,taxi-1188,license-1184,40.751919,-73.987045,,,,
2013-01-01 00:05:00,pickup,taxi-356,license-353,40.768719,-73.985191,,,,
2013-01-01 00:05:00,pickup,taxi-1332,license-1328,40.770576,-73.867081,,,,
2013-01-01 00:05:00,pickup,taxi-566,license-562,40.750111,-73.994255,,,,
2013-01-01 00:05:00,pickup,taxi-1367,license-1363,40.769947,-73.864616,,,,
2013-01-01 00:05:00,pickup,taxi-1365,license-1361,40.763569,-73.972046,,,,
2013-01-01 00:05:00,pickup,taxi-707,license-703,40.759716,-73.977913,,,,
2013-01-01 00:05:00,pickup,taxi-557,license-554,40.778717,-73.953476,,,,
2013-01-01 00:05:00,pickup,taxi-233,license-230,40.770699,-73.956985,,,,
2013-01-01 00:05:00,pickup,taxi-2336,license-2332,40.701405,-73.993965,,,,
2013-01-01 00:05:00,pickup,taxi-57,license-54,40.778851,-73.955864,,,,
2013-01-01 00:05:00,pickup,taxi-95,license-92,40.741474,-73.975159,,,,
2013-01-01 00:05:00,pickup,taxi-963,license-959,40.720390,-73.993828,,,,
2013-01-01 00:06:00,pickup,taxi-104,license-101,40.745403,-73.998672,,,,
2013-01-01 00:06:00,pickup,taxi-1183,license-1179,40.776524,-73.983162,,,,
2013-01-01 00:06:00,pickup,taxi-1063,license-1059,40.768761,-73.958145,,,,
2013-01-01 00:06:00,pickup,taxi-1347,license-1343,40.759789,-73.995415,,,,
2013-01-01 00:06:00,pickup,taxi-740,license-736,40.769669,-73.957832,,,,
2013-01-01 00:06:00,pickup,taxi-1179,license-1175,40.724014,-74.004570,,,,
2013-01-01 00:06:00,pickup,taxi-227,license-224,40.773827,-73.962097,,,,
2013-01-01 00:06:00,pickup,taxi-100,license-97,40.779877,-73.980927,,,,
2013-01-01 00:06:00,pickup,taxi-226,license-223,40.778786,-73.953972,,,,
2013-01-01 00:06:00,pickup,taxi-2334,license-2330,40.722542,-74.003601,,,,
2013-01-01 00:06:00,pickup,taxi-518,license-515,40.711288,-74.016006,,,,
2013-01-01 00:06:00,pickup,taxi-2191,license-2187,0.000000,0.000000,,,,
2013-01-01 00:06:00,pickup,taxi-1903,license-1899,40.779469,-73.955673,,,,
2013-01-01 00:06:00,pickup,taxi-961,license-957,40.696831,-73.988602,,,,
2013-01-01 00:06:00,pickup,taxi-93,license-90,40.794617,-73.969872,,,,
2013-01-01 00:06:00,pickup,taxi-1617,license-1613,40.766247,-73.954338,,,,
2013-01-01 00:06:00,pickup,taxi-1640,license-1636,40.744026,-73.983696,,,,
2013-01-01 00:06:00,pickup,taxi-91,license-88,40.764423,-73.977501,,,,
2013-01-01 00:06:00,pickup,taxi-90,license-87,40.715881,-74.011093,,,,
2013-01-01 00:06:00,pickup,taxi-735,license-731,40.741375,-73.992958,,,,
2013-01-01 00:06:00,pickup,taxi-3961,license-3958,40.738682,-73.985222,,,,
2013-01-01 00:06:00,pickup,taxi-622,license-618,40.748524,-73.988853,,,,
2013-01-01 00:06:00,pickup,taxi-1072,license-1068,40.719772,-73.987526,,,,
2013-01-01 00:06:00,pickup,taxi-1333,license-1329,40.716476,-73.961563,,,,
2013-01-01 00:06:00,pickup,taxi-240,license-237,40.743938,-73.983727,,,,
2013-01-01 00:06:00,pickup,taxi-223,license-220,40.737614,-73.999580,,,,
2013-01-01 00:06:00,pickup,taxi-556,license-553,40.754002,-73.992012,,,,
2013-01-01 00:06:00,pickup,taxi-1600,license-1596,40.759201,-73.967140,,,,
2013-01-01 00:06:00,pickup,taxi-242,license-239,40.739361,-74.001656,,,,
2013-01-01 00:06:00,pickup,taxi-89,license-86,40.847797,-73.939499,,,,
2013-01-01 00:06:00,pickup,taxi-1598,license-1594,40.796532,-73.970428,,,,
2013-01-01 00:06:00,pickup,taxi-970,license-966,40.770370,-73.867012,,,,
2013-01-01 00:06:00,pickup,taxi-2770,license-2767,40.766354,-73.983994,,,,
2013-01-01 00:06:00,pickup,taxi-554,license-551,40.749908,-73.939201,,,,
2013-01-01 00:06:00,pickup,taxi-245,license-242,40.735050,-74.006882,,,,
2013-01-01 00:06:00,pickup,taxi-510,license-507,40.763702,-73.973907,,,,
2013-01-01 00:06:00,pickup,taxi-1053,license-1049,40.780834,-73.958694,,,,
2013-01-01 00:06:00,pickup,taxi-15,license-5,40.758354,-73.937744,,,,
2013-01-01 00:06:00,pickup,taxi-103,license-100,40.761364,-73.963844,,,,
2013-01-01 00:06:00,pickup,taxi-2091,license-2087,40.761597,-73.974510,,,,
2013-01-01 00:06:00,pickup,taxi-248,license-245,40.734226,-73.988663,,,,
2013-01-01 00:06:00,pickup,taxi-719,license-715,40.739101,-73.980118,,,,
2013-01-01 00:06:00,pickup,taxi-249,license-246,40.776497,-73.960030,,,,
2013-01-01 00:06:00,pickup,taxi-2708,license-2705,40.760586,-73.975800,,,,
2013-01-01 00:06:00,pickup,taxi-1320,license-1316,40.753525,-73.978928,,,,
2013-01-01 00:06:00,pickup,taxi-1592,license-1588,40.777695,-73.975189,,,,
2013-01-01 00:06:00,pickup,taxi-427,license-424,40.762100,-73.962135,,,,
2013-01-01 00:06:00,pickup,taxi-1393,license-1389,40.777962,-73.956741,,,,
2013-01-01 00:06:00,pickup,taxi-251,license-248,40.750038,-73.987984,,,,
2013-01-01 00:06:00,pickup,taxi-1319,license-1315,40.733959,-74.006210,,,,
2013-01-01 00:06:00,pickup,taxi-1654,license-1650,40.791584,-73.974075,,,,
2013-01-01 00:06:00,pickup,taxi-74,license-71,40.746197,-73.990852,,,,
2013-01-01 00:06:00,pickup,taxi-1049,license-1045,40.697639,-73.813766,,,,
2013-01-01 00:06:00,pickup,taxi-210,license-207,40.793373,-73.940529,,,,
2013-01-01 00:06:00,pickup,taxi-338,license-335,40.717804,-73.817238,,,,
2013-01-01 00:06:00,pickup,taxi-1311,license-1307,40.751457,-73.976501,,,,
2013-01-01 00:06:00,pickup,taxi-255,license-252,40.768303,-73.981361,,,,
2013-01-01 00:06:00,pickup,taxi-2090,license-2086,40.773621,-73.870651,,,,
2013-01-01 00:06:00,pickup,taxi-256,license-253,40.793072,-73.971176,,,,
2013-01-01 00:06:00,pickup,taxi-747,license-743,40.723469,-74.006111,,,,
2013-01-01 00:06:00,pickup,taxi-626,license-622,40.748856,-73.991341,,,,
2013-01-01 00:06:00,pickup,taxi-3532,license-3529,40.644703,-73.781868,,,,
2013-01-01 00:06:00,pickup,taxi-335,license-332,40.753998,-73.966324,,,,
2013-01-01 00:06:00,pickup,taxi-1860,license-1856,40.702721,-73.993874,,,,
2013-01-01 00:06:00,pickup,taxi-1201,license-1197,40.769691,-73.866737,,,,
2013-01-01 00:06:00,pickup,taxi-203,license-200,40.743923,-73.983818,,,,
2013-01-01 00:06:00,pickup,taxi-1290,license-1286,40.751244,-73.991112,,,,
2013-01-01 00:06:00,pickup,taxi-332,license-329,40.773827,-73.948395,,,,
2013-01-01 00:06:00,pickup,taxi-2833,license-2830,40.774570,-73.954063,,,,
2013-01-01 00:06:00,pickup,taxi-64,license-61,0.000000,0.000000,,,,
2013-01-01 00:06:00,pickup,taxi-3764,license-3761,40.768227,-73.968666,,,,
2013-01-01 00:06:00,pickup,taxi-1286,license-1282,40.718822,-73.989906,,,,
2013-01-01 00:06:00,pickup,taxi-263,license-260,40.752609,-74.004211,,,,
2013-01-01 00:06:00,pickup,taxi-506,license-503,40.731506,-73.989075,,,,
2013-01-01 00:06:00,pickup,taxi-373,license-370,40.728672,-74.005234,,,,
2013-01-01 00:06:00,pickup,taxi-1040,license-1036,40.767006,-73.953690,,,,
2013-01-01 00:06:00,pickup,taxi-121,license-118,40.725861,-73.989731,,,,
2013-01-01 00:06:00,pickup,taxi-328,license-325,40.740932,-73.993668,,,,
2013-01-01 00:06:00,pickup,taxi-586,license-582,40.734612,-73.988319,,,,
2013-01-01 00:06:00,pickup,taxi-2149,license-2145,40.731041,-74.006744,,,,
2013-01-01 00:06:00,pickup,taxi-267,license-264,40.818817,-73.952408,,,,
2013-01-01 00:06:00,pickup,taxi-460,license-457,40.767326,-73.953400,,,,
2013-01-01 00:06:00,pickup,taxi-900,license-896,40.740345,-74.005760,,,,
2013-01-01 00:06:00,pickup,taxi-375,license-372,40.760769,-73.961075,,,,
2013-01-01 00:06:00,pickup,taxi-2967,license-2964,40.740463,-74.006271,,,,
2013-01-01 00:06:00,pickup,taxi-419,license-416,40.787903,-73.949409,,,,
2013-01-01 00:06:00,pickup,taxi-927,license-923,40.733875,-73.977287,,,,
2013-01-01 00:06:00,pickup,taxi-497,license-494,40.733967,-74.000420,,,,
2013-01-01 00:06:00,pickup,taxi-417,license-414,40.743713,-74.007027,,,,
2013-01-01 00:06:00,pickup,taxi-630,license-626,40.721306,-74.004524,,,,
2013-01-01 00:06:00,pickup,taxi-127,license-124,40.768158,-73.955872,,,,
2013-01-01 00:06:00,pickup,taxi-1833,license-1829,40.727055,-73.985954,,,,
2013-01-01 00:06:00,pickup,taxi-3470,license-3467,40.733570,-73.982033,,,,
2013-01-01 00:06:00,pickup,taxi-2144,license-2140,40.763672,-73.992577,,,,
2013-01-01 00:06:00,pickup,taxi-274,license-271,40.742222,-74.004211,,,,
2013-01-01 00:06:00,pickup,taxi-836,license-832,40.752731,-73.985069,,,,
2013-01-01 00:06:00,pickup,taxi-129,license-126,40.725719,-73.996445,,,,
2013-01-01 00:06:00,pickup,taxi-580,license-576,40.721672,-73.983902,,,,
2013-01-01 00:06:00,pickup,taxi-544,license-541,40.760559,-73.979843,,,,
2013-01-01 00:06:00,pickup,taxi-4035,license-4032,40.771240,-73.979874,,,,
2013-01-01 00:06:00,pickup,taxi-412,license-409,40.744339,-73.994232,,,,
2013-01-01 00:06:00,pickup,taxi-533,license-530,40.724712,-73.991821,,,,
2013-01-01 00:06:00,pickup,taxi-2882,license-2879,40.759518,-73.988899,,,,
2013-01-01 00:06:00,pickup,taxi-480,license-477,40.764221,-73.984711,,,,
2013-01-01 00:06:00,pickup,taxi-379,license-376,40.764778,-73.964508,,,,
2013-01-01 00:06:00,pickup,taxi-186,license-183,40.785454,-73.972893,,,,
2013-01-01 00:06:00,pickup,taxi-2353,license-2349,40.708656,-73.937515,,,,
2013-01-01 00:06:00,pickup,taxi-1809,license-1805,40.773769,-73.870926,,,,
2013-01-01 00:06:00,pickup,taxi-281,license-278,40.719898,-74.010239,,,,
2013-01-01 00:06:00,pickup,taxi-35,license-32,40.771812,-73.959122,,,,
2013-01-01 00:06:00,pickup,taxi-382,license-379,40.760452,-73.973831,,,,
2013-01-01 00:06:00,pickup,taxi-482,license-479,40.762959,-73.978714,,,,
2013-01-01 00:06:00,pickup,taxi-598,license-594,40.731766,-73.985405,,,,
2013-01-01 00:06:00,pickup,taxi-316,license-313,40.772335,-73.967064,,,,
2013-01-01 00:06:00,pickup,taxi-409,license-406,40.739311,-73.982147,,,,
2013-01-01 00:06:00,pickup,taxi-181,license-178,40.718987,-74.005096,,,,
2013-01-01 00:06:00,pickup,taxi-1534,license-1530,40.739540,-73.986710,,,,
2013-01-01 00:06:00,pickup,taxi-408,license-405,40.754173,-73.948753,,,,
2013-01-01 00:06:00,pickup,taxi-1531,license-1527,40.722244,-73.986656,,,,
2013-01-01 00:06:00,pickup,taxi-915,license-911,40.727127,-73.999794,,,,
2013-01-01 00:06:00,pickup,taxi-1796,license-1792,40.744335,-73.991814,,,,
2013-01-01 00:06:00,dropoff,taxi-28,license-25,40.767078,-73.969978,7.00,0.00,300,1.04
2013-01-01 00:06:00,dropoff,taxi-27,license-24,40.779976,-73.947144,5.50,0.00,120,0.98
2013-01-01 00:06:00,pickup,taxi-824,license-820,40.754963,-73.975945,,,,
2013-01-01 00:06:00,pickup,taxi-405,license-402,40.752193,-73.982140,,,,
2013-01-01 00:06:00,dropoff,taxi-26,license-23,40.774387,-73.977295,5.50,0.00,240,0.53
2013-01-01 00:06:00,pickup,taxi-583,license-579,40.760429,-73.970428,,,,
2013-01-01 00:06:00,pickup,taxi-1475,license-1471,40.752167,-73.977699,,,,
2013-01-01 00:06:00,pickup,taxi-291,license-288,40.755852,-73.964630,,,,
2013-01-01 00:06:00,pickup,taxi-147,license-144,40.735802,-73.987404,,,,
2013-01-01 00:06:00,dropoff,taxi-25,license-22,40.759083,-73.992119,3.50,0.00,60,0.00
2013-01-01 00:06:00,pickup,taxi-1729,license-1725,40.721420,-73.987717,,,,
2013-01-01 00:06:00,pickup,taxi-293,license-290,40.773716,-73.966225,,,,
2013-01-01 00:06:00,pickup,taxi-1484,license-1480,40.790878,-73.976532,,,,
2013-01-01 00:06:00,pickup,taxi-1026,license-1022,40.735317,-73.992050,,,,
2013-01-01 00:06:00,dropoff,taxi-24,license-21,40.768639,-73.981834,7.00,0.00,360,0.98
2013-01-01 00:06:00,dropoff,taxi-23,license-5,40.705162,-73.802734,4.45,0.45,120,0.00
2013-01-01 00:06:00,pickup,taxi-1023,license-1019,40.754486,-73.980148,,,,
2013-01-01 00:06:00,pickup,taxi-170,license-167,40.752949,-73.945534,,,,
2013-01-01 00:06:00,pickup,taxi-1021,license-1017,40.728340,-73.999496,,,,
2013-01-01 00:06:00,pickup,taxi-310,license-307,40.756523,-73.994003,,,,
2013-01-01 00:06:00,pickup,taxi-827,license-823,40.764420,-0.028333,,,,
2013-01-01 00:06:00,pickup,taxi-644,license-640,40.724468,-73.993240,,,,
2013-01-01 00:06:00,pickup,taxi-882,license-878,40.726856,-73.999969,,,,
2013-01-01 00:06:00,pickup,taxi-397,license-394,40.738960,-73.994705,,,,
2013-01-01 00:06:00,pickup,taxi-787,license-783,40.710972,-73.958260,,,,
2013-01-01 00:06:00,pickup,taxi-877,license-873,40.739933,-73.989861,,,,
2013-01-01 00:06:00,pickup,taxi-1764,license-1760,40.733253,-74.004311,,,,
2013-01-01 00:06:00,pickup,taxi-306,license-303,40.744877,-73.987129,,,,
2013-01-01 00:06:00,pickup,taxi-1019,license-1015,40.767281,-73.984215,,,,
2013-01-01 00:06:00,pickup,taxi-768,license-764,40.702545,-73.993561,,,,
2013-01-01 00:06:00,pickup,taxi-3375,license-3372,40.758011,-73.937584,,,,
2013-01-01 00:06:29,pickup,taxi-231,license-228,40.730148,-73.983467,,,,
2013-01-01 00:06:59,dropoff,taxi-29,license-26,40.734440,-73.994003,6.60,1.10,201,0.50
2013-01-01 00:07:00,pickup,taxi-0,license-0,40.710987,-73.960403,,,,
2013-01-01 00:07:00,pickup,taxi-2023,license-2019,40.731873,-73.985252,,,,
2013-01-01 00:07:00,pickup,taxi-2029,license-2025,40.731491,-74.000984,,,,
2013-01-01 00:07:00,pickup,taxi-4071,license-4068,40.646286,-73.783859,,,,
2013-01-01 00:07:00,pickup,taxi-301,license-298,40.716984,-73.988968,,,,
2013-01-01 00:07:00,pickup,taxi-2258,license-2254,40.728710,-74.000381,,,,
2013-01-01 00:07:00,dropoff,taxi-30,license-27,40.721085,-73.994102,5.00,0.00,240,0.26
2013-01-01 00:07:00,pickup,taxi-1105,license-1101,40.756165,-73.900002,,,,
2013-01-01 00:07:00,pickup,taxi-3176,license-3173,40.773064,-73.985603,,,,
2013-01-01 00:07:00,dropoff,taxi-31,license-28,40.750999,-74.004288,10.00,2.00,420,1.22
2013-01-01 00:07:00,pickup,taxi-1495,license-1491,40.721275,-73.993584,,,,
2013-01-01 00:07:00,dropoff,taxi-32,license-29,40.737469,-73.979607,5.50,0.00,240,0.67
2013-01-01 00:07:00,dropoff,taxi-33,license-30,40.736805,-73.981659,7.70,1.20,300,0.91
2013-01-01 00:07:00,pickup,taxi-595,license-591,40.767696,-73.981529,,,,
2013-01-01 00:07:00,dropoff,taxi-34,license-31,40.727009,-73.999817,5.50,0.00,180,0.56
2013-01-01 00:07:00,pickup,taxi-1528,license-1524,40.681541,-73.975548,,,,
2013-01-01 00:07:00,pickup,taxi-290,license-287,40.717113,-73.984001,,,,
2013-01-01 00:07:00,pickup,taxi-582,license-578,40.741364,-73.981400,,,,
2013-01-01 00:07:00,dropoff,taxi-35,license-32,40.774345,-73.955276,4.50,0.00,60,0.53
2013-01-01 00:07:00,pickup,taxi-823,license-819,40.753567,-73.985214,,,,
2013-01-01 00:07:00,pickup,taxi-285,license-282,40.714821,-73.976440,,,,
2013-01-01 00:07:00,pickup,taxi-1464,license-1460,40.776741,-73.955589,,,,
2013-01-01 00:07:00,dropoff,taxi-36,license-33,40.750599,-73.998413,6.35,1.35,120,0.61
2013-01-01 00:07:00,dropoff,taxi-37,license-34,40.767822,-73.981461,4.50,0.00,120,0.44
2013-01-01 00:07:00,dropoff,taxi-38,license-35,40.757374,-73.969627,9.88,1.88,420,1.49
2013-01-01 00:07:00,dropoff,taxi-39,license-36,40.764801,-73.990143,4.00,0.00,120,0.10
2013-01-01 00:07:00,dropoff,taxi-40,license-37,40.786877,-73.979286,7.70,1.20,240,1.00
2013-01-01 00:07:00,dropoff,taxi-41,license-38,40.793282,-73.970963,8.00,0.00,300,1.75
2013-01-01 00:07:00,dropoff,taxi-42,license-39,40.706161,-73.940498,5.00,0.00,120,0.68
2013-01-01 00:07:00,pickup,taxi-601,license-597,40.772884,-73.952271,,,,
2013-01-01 00:07:00,pickup,taxi-319,license-316,40.764236,-73.977325,,,,
2013-01-01 00:07:00,pickup,taxi-2055,license-2051,40.795689,-73.974190,,,,
2013-01-01 00:07:00,pickup,taxi-1447,license-1443,40.773972,-73.874481,,,,
2013-01-01 00:07:00,dropoff,taxi-43,license-40,40.789108,-73.952866,6.00,0.00,240,0.91
2013-01-01 00:07:00,pickup,taxi-3613,license-3610,40.645397,-73.776680,,,,
2013-01-01 00:07:00,pickup,taxi-1439,license-1435,40.774239,-73.954460,,,,
2013-01-01 00:07:00,pickup,taxi-1435,license-1431,40.641136,-73.786713,,,,
2013-01-01 00:07:00,dropoff,taxi-44,license-41,40.806087,-73.967438,9.50,1.50,360,1.54
2013-01-01 00:07:00,pickup,taxi-322,license-319,40.716713,-74.008553,,,,
2013-01-01 00:07:00,pickup,taxi-838,license-834,40.763901,-73.967033,,,,
2013-01-01 00:07:00,pickup,taxi-3723,license-3720,40.763004,-73.977959,,,,
2013-01-01 00:07:00,pickup,taxi-1557,license-1553,40.762428,-73.979240,,,,
2013-01-01 00:07:00,pickup,taxi-3730,license-3727,40.752495,-73.994331,,,,
2013-01-01 00:07:00,pickup,taxi-1558,license-1554,40.798233,-73.963585,,,,
2013-01-01 00:07:00,pickup,taxi-1993,license-1989,40.773773,-73.870834,,,,
2013-01-01 00:07:00,pickup,taxi-930,license-926,40.729755,-73.998726,,,,
2013-01-01 00:07:00,pickup,taxi-1520,license-1516,40.764889,-73.984154,,,,
2013-01-01 00:07:00,pickup,taxi-268,license-265,40.777191,-73.952324,,,,
2013-01-01 00:07:00,pickup,taxi-2067,license-2063,40.734058,-73.999222,,,,
2013-01-01 00:07:00,pickup,taxi-576,license-572,40.761509,-73.999878,,,,
2013-01-01 00:07:00,pickup,taxi-938,license-934,40.722755,-73.991539,,,,
2013-01-01 00:07:00,pickup,taxi-1431,license-1427,40.737148,-73.990425,,,,
2013-01-01 00:07:00,pickup,taxi-940,license-936,40.732376,-73.987152,,,,
2013-01-01 00:07:00,pickup,taxi-3564,license-3561,40.759098,-73.994171,,,,
2013-01-01 00:07:00,pickup,taxi-265,license-262,40.772511,-73.955688,,,,
2013-01-01 00:07:00,pickup,taxi-58,license-55,40.762207,-73.993629,,,,
2013-01-01 00:07:00,pickup,taxi-3502,license-3499,40.718643,-73.997665,,,,
2013-01-01 00:07:00,pickup,taxi-1965,license-1961,40.727093,-73.985748,,,,
2013-01-01 00:07:00,pickup,taxi-606,license-602,40.689400,-73.968109,,,,
2013-01-01 00:07:00,pickup,taxi-2296,license-2292,40.720654,-74.005157,,,,
2013-01-01 00:07:00,pickup,taxi-1150,license-1146,40.840282,-73.940567,,,,
2013-01-01 00:07:00,pickup,taxi-452,license-449,40.788795,-73.977997,,,,
2013-01-01 00:07:00,pickup,taxi-333,license-330,40.779835,-73.984665,,,,
2013-01-01 00:07:00,pickup,taxi-449,license-446,40.801353,-73.957611,,,,
2013-01-01 00:07:00,pickup,taxi-1416,license-1412,40.766209,-73.960190,,,,
2013-01-01 00:07:00,pickup,taxi-259,license-256,40.757576,-73.963516,,,,
2013-01-01 00:07:00,pickup,taxi-447,license-444,40.759731,-73.961807,,,,
2013-01-01 00:07:00,pickup,taxi-571,license-567,40.740406,-74.007957,,,,
2013-01-01 00:07:00,pickup,taxi-570,license-566,40.768917,-73.981293,,,,
2013-01-01 00:07:00,pickup,taxi-949,license-945,40.765137,-73.961151,,,,
2013-01-01 00:07:00,pickup,taxi-723,license-719,40.749092,-73.984268,,,,
2013-01-01 00:07:00,pickup,taxi-75,license-72,40.777538,-73.978699,,,,
2013-01-01 00:07:00,pickup,taxi-3115,license-3112,40.768978,-73.955238,,,,
2013-01-01 00:07:00,pickup,taxi-725,license-721,40.751926,-73.986374,,,,
2013-01-01 00:07:00,pickup,taxi-253,license-250,40.752956,-73.983475,,,,
2013-01-01 00:07:00,pickup,taxi-2644,license-2641,40.752766,-73.981514,,,,
2013-01-01 00:07:00,pickup,taxi-340,license-337,40.730213,-74.000313,,,,
2013-01-01 00:07:00,pickup,taxi-1387,license-1383,40.767616,-73.981567,,,,
2013-01-01 00:07:00,pickup,taxi-441,license-438,40.745365,-73.990845,,,,
2013-01-01 00:07:00,pickup,taxi-3766,license-3763,40.737526,-73.987221,,,,
2013-01-01 00:07:00,pickup,taxi-82,license-79,40.799122,-73.968437,,,,
2013-01-01 00:07:00,pickup,taxi-2729,license-2726,40.741837,-74.001099,,,,
2013-01-01 00:07:00,pickup,taxi-616,license-612,40.771107,-73.944283,,,,
2013-01-01 00:07:00,pickup,taxi-513,license-510,40.740944,-73.988327,,,,
2013-01-01 00:07:00,pickup,taxi-4193,license-4190,40.752514,-73.977211,,,,
2013-01-01 00:07:00,pickup,taxi-711,license-707,40.756634,-73.978600,,,,
2013-01-01 00:07:00,pickup,taxi-87,license-84,40.718807,-73.985207,,,,
2013-01-01 00:07:00,pickup,taxi-239,license-236,40.699051,-73.917358,,,,
2013-01-01 00:07:00,pickup,taxi-346,license-343,40.737564,-73.997452,,,,
2013-01-01 00:07:00,pickup,taxi-4196,license-4193,40.793808,-73.970596,,,,
2013-01-01 00:07:00,pickup,taxi-347,license-344,40.754494,-73.984024,,,,
2013-01-01 00:07:00,pickup,taxi-565,license-561,40.811352,-73.936569,,,,
2013-01-01 00:07:00,pickup,taxi-515,license-512,40.758411,-73.970963,,,,
2013-01-01 00:07:00,pickup,taxi-1610,license-1606,40.742477,-74.004173,,,,
2013-01-01 00:07:00,pickup,taxi-3381,license-3378,40.730587,-73.986221,,,,
2013-01-01 00:07:00,pickup,taxi-99,license-96,40.772488,-73.955582,,,,
2013-01-01 00:07:00,pickup,taxi-967,license-963,40.771866,-73.982048,,,,
2013-01-01 00:07:00,pickup,taxi-1888,license-1884,40.761196,-73.975357,,,,
2013-01-01 00:07:00,pickup,taxi-3376,license-3373,40.809856,-73.962570,,,,
2013-01-01 00:07:00,pickup,taxi-743,license-739,40.742558,-73.992043,,,,
2013-01-01 00:07:00,pickup,taxi-106,license-103,40.790524,-73.942520,,,,
2013-01-01 00:07:00,pickup,taxi-746,license-742,40.734566,-74.004799,,,,
2013-01-01 00:07:00,pickup,taxi-1504,license-1500,40.766937,-73.983536,,,,
2013-01-01 00:07:00,pickup,taxi-2805,license-2802,40.751907,-73.980080,,,,
2013-01-01 00:07:00,pickup,taxi-109,license-106,40.674213,-73.982109,,,,
2013-01-01 00:07:00,pickup,taxi-1192,license-1188,40.738678,-73.980789,,,,
2013-01-01 00:07:00,pickup,taxi-748,license-744,40.744213,-74.006653,,,,
2013-01-01 00:07:00,pickup,taxi-805,license-801,40.753281,-73.966530,,,,
2013-01-01 00:07:00,pickup,taxi-222,license-219,40.740768,-73.975632,,,,
2013-01-01 00:07:00,pickup,taxi-221,license-218,40.719925,-73.987801,,,,
2013-01-01 00:07:00,pickup,taxi-974,license-970,40.725967,-74.008675,,,,
2013-01-01 00:07:00,pickup,taxi-3282,license-3279,40.678936,-73.953308,,,,
2013-01-01 00:07:00,pickup,taxi-423,license-420,40.762638,-73.972404,,,,
2013-01-01 00:07:00,pickup,taxi-2172,license-2168,40.783974,-73.950249,,,,
2013-01-01 00:07:00,pickup,taxi-690,license-686,40.741734,-74.004723,,,,
2013-01-01 00:07:00,pickup,taxi-421,license-418,40.767834,-73.985710,,,,
2013-01-01 00:07:00,pickup,taxi-689,license-685,40.771877,-73.953072,,,,
2013-01-01 00:07:00,pickup,taxi-1648,license-1644,40.723957,-73.978958,,,,
2013-01-01 00:07:00,pickup,taxi-218,license-215,40.763718,-73.977783,,,,
2013-01-01 00:07:00,pickup,taxi-216,license-213,40.721004,-73.956856,,,,
2013-01-01 00:07:00,pickup,taxi-1325,license-1321,40.731857,-73.990196,,,,
2013-01-01 00:07:00,pickup,taxi-118,license-115,40.756153,-73.981133,,,,
2013-01-01 00:07:00,pickup,taxi-215,license-212,40.744381,-74.006516,,,,
2013-01-01 00:07:00,pickup,taxi-1848,license-1844,40.767265,-73.954483,,,,
2013-01-01 00:07:00,pickup,taxi-2341,license-2337,40.733105,-73.998314,,,,
2013-01-01 00:07:00,pickup,taxi-1653,license-1649,40.752613,-73.979553,,,,
2013-01-01 00:07:00,pickup,taxi-3358,license-3355,40.730431,-73.984550,,,,
2013-01-01 00:07:00,pickup,taxi-983,license-979,40.729389,-73.993324,,,,
2013-01-01 00:07:00,pickup,taxi-2856,license-2853,40.759480,-73.991997,,,,
2013-01-01 00:07:00,pickup,taxi-211,license-208,40.745403,-73.988647,,,,
2013-01-01 00:07:00,pickup,taxi-524,license-521,40.769775,-73.980766,,,,
2013-01-01 00:07:00,pickup,taxi-1316,license-1312,40.754578,-73.979042,,,,
2013-01-01 00:07:00,pickup,taxi-677,license-673,40.750832,-73.994308,,,,
2013-01-01 00:07:00,pickup,taxi-525,license-522,40.755421,-73.968277,,,,
2013-01-01 00:07:00,pickup,taxi-130,license-127,40.720043,-73.988365,,,,
2013-01-01 00:07:00,pickup,taxi-994,license-990,40.733402,-74.002998,,,,
2013-01-01 00:07:00,pickup,taxi-208,license-205,40.754627,-73.984375,,,,
2013-01-01 00:07:00,pickup,taxi-205,license-202,40.673805,-73.995750,,,,
2013-01-01 00:07:00,pickup,taxi-135,license-132,40.802483,-73.943016,,,,
2013-01-01 00:07:00,pickup,taxi-2344,license-2340,40.745106,-73.975739,,,,
2013-01-01 00:07:00,pickup,taxi-2897,license-2894,40.752186,-73.977638,,,,
2013-01-01 00:07:00,pickup,taxi-2151,license-2147,40.766819,-73.990196,,,,
2013-01-01 00:07:00,pickup,taxi-802,license-798,40.784733,-73.977249,,,,
2013-01-01 00:07:00,pickup,taxi-199,license-196,40.726368,-73.991905,,,,
2013-01-01 00:07:00,pickup,taxi-198,license-195,40.769165,-73.994934,,,,
2013-01-01 00:07:00,pickup,taxi-1801,license-1797,40.741329,-74.006134,,,,
2013-01-01 00:07:00,pickup,taxi-197,license-194,40.749985,-73.983528,,,,
2013-01-01 00:07:00,pickup,taxi-137,license-134,40.769871,-73.954529,,,,
2013-01-01 00:07:00,pickup,taxi-628,license-624,40.774879,-73.953957,,,,
2013-01-01 00:07:00,pickup,taxi-1799,license-1795,40.735687,-74.005981,,,,
2013-01-01 00:07:00,pickup,taxi-1214,license-1210,40.748577,-73.982330,,,,
2013-01-01 00:07:00,pickup,taxi-799,license-795,40.744373,-73.987411,,,,
2013-01-01 00:07:00,pickup,taxi-2909,license-2906,40.745510,-73.989166,,,,
2013-01-01 00:07:00,pickup,taxi-1260,license-1256,40.724594,-73.998131,,,,
2013-01-01 00:07:00,pickup,taxi-187,license-184,40.725899,-73.994774,,,,
2013-01-01 00:07:00,pickup,taxi-667,license-663,40.740681,-73.991310,,,,
2013-01-01 00:07:00,pickup,taxi-1252,license-1248,40.772720,-73.955551,,,,
2013-01-01 00:07:00,pickup,taxi-1712,license-1708,40.739563,-74.006416,,,,
2013-01-01 00:07:00,pickup,taxi-184,license-181,40.740162,-73.986549,,,,
2013-01-01 00:07:00,pickup,taxi-1032,license-1028,40.728485,-73.999718,,,,
2013-01-01 00:07:00,pickup,taxi-1000,license-996,40.766079,-73.994576,,,,
2013-01-01 00:07:00,pickup,taxi-1715,license-1711,40.762402,-73.970245,,,,
2013-01-01 00:07:00,pickup,taxi-3347,license-3344,40.719864,-73.987740,,,,
2013-01-01 00:07:00,pickup,taxi-4921,license-4919,40.757397,-73.989883,,,,
2013-01-01 00:07:00,pickup,taxi-1243,license-1239,40.762341,-73.989799,,,,
2013-01-01 00:07:00,pickup,taxi-660,license-656,40.754269,-73.980530,,,,
2013-01-01 00:07:00,pickup,taxi-637,license-633,40.756474,-73.964302,,,,
2013-01-01 00:07:00,pickup,taxi-532,license-529,40.727085,-73.985779,,,,
2013-01-01 00:07:00,pickup,taxi-3859,license-3856,40.772186,-73.982689,,,,
2013-01-01 00:07:00,pickup,taxi-174,license-171,40.763702,-73.969307,,,,
2013-01-01 00:07:00,pickup,taxi-4843,license-4841,40.756500,-73.990723,,,,
2013-01-01 00:07:00,pickup,taxi-150,license-147,40.729507,-73.978279,,,,
2013-01-01 00:07:00,pickup,taxi-387,license-384,40.765030,-73.963982,,,,
2013-01-01 00:07:00,pickup,taxi-642,license-638,40.645367,-73.776688,,,,
2013-01-01 00:07:00,pickup,taxi-2474,license-2471,40.773937,-73.871239,,,,
2013-01-01 00:07:00,pickup,taxi-151,license-148,40.742176,-73.974655,,,,
2013-01-01 00:07:00,pickup,taxi-684,license-680,40.736614,-73.990906,,,,
2013-01-01 00:07:00,pickup,taxi-4755,license-4753,40.739349,-73.992050,,,,
2013-01-01 00:07:00,pickup,taxi-2136,license-2132,40.766022,-73.981644,,,,
2013-01-01 00:07:00,pickup,taxi-157,license-154,40.807018,-73.960876,,,,
2013-01-01 00:07:00,pickup,taxi-158,license-155,40.725555,-73.977829,,,,
2013-01-01 00:07:00,pickup,taxi-789,license-785,40.727840,-73.999146,,,,
2013-01-01 00:07:00,pickup,taxi-956,license-952,40.752659,-73.990150,,,,
2013-01-01 00:08:00,pickup,taxi-160,license-157,40.755436,-73.968048,,,,
2013-01-01 00:08:00,pickup,taxi-2135,license-2131,40.731941,-74.003708,,,,
2013-01-01 00:08:00,pickup,taxi-392,license-389,40.759483,-73.968391,,,,
2013-01-01 00:08:00,pickup,taxi-394,license-391,40.757881,-73.973015,,,,
2013-01-01 00:08:00,pickup,taxi-391,license-388,40.732296,-74.007645,,,,
2013-01-01 00:08:00,pickup,taxi-791,license-787,40.770687,-73.867928,,,,
2013-01-01 00:08:00,pickup,taxi-1740,license-1736,40.748123,-73.987572,,,,
2013-01-01 00:08:00,pickup,taxi-781,license-777,40.763206,-73.962616,,,,
2013-01-01 00:08:00,pickup,taxi-61,license-58,0.000000,0.000000,,,,
2013-01-01 00:08:00,pickup,taxi-2942,license-2939,40.763924,-73.977539,,,,
2013-01-01 00:08:00,pickup,taxi-1772,license-1768,40.745796,-73.978226,,,,
2013-01-01 00:08:00,pickup,taxi-656,license-652,40.730270,-73.983315,,,,
2013-01-01 00:08:00,pickup,taxi-2395,license-2391,40.771061,-73.950798,,,,
2013-01-01 00:08:00,pickup,taxi-1776,license-1772,40.756168,-73.978973,,,,
2013-01-01 00:08:00,pickup,taxi-388,license-385,40.787746,-73.977005,,,,
2013-01-01 00:08:00,pickup,taxi-172,license-169,40.786339,-73.976074,,,,
2013-01-01 00:08:00,pickup,taxi-771,license-767,40.762138,-73.975883,,,,
2013-01-01 00:08:00,pickup,taxi-1233,license-1229,40.740047,-74.007256,,,,
2013-01-01 00:08:00,pickup,taxi-179,license-176,40.769840,-73.962715,,,,
2013-01-01 00:08:00,pickup,taxi-658,license-654,40.772167,-73.982727,,,,
2013-01-01 00:08:00,pickup,taxi-2933,license-2930,40.758682,-73.977219,,,,
2013-01-01 00:08:00,pickup,taxi-1721,license-1717,40.750130,-73.990692,,,,
2013-01-01 00:08:00,pickup,taxi-183,license-180,40.774258,-73.984718,,,,
2013-01-01 00:08:00,pickup,taxi-3828,license-3825,40.767345,-73.986122,,,,
2013-01-01 00:08:00,pickup,taxi-2482,license-2479,40.759426,-73.976570,,,,
2013-01-01 00:08:00,pickup,taxi-2485,license-2482,40.741352,-73.993050,,,,
2013-01-01 00:08:00,pickup,taxi-1246,license-1242,40.708065,-74.013771,,,,
2013-01-01 00:08:00,pickup,taxi-767,license-763,40.732052,-74.003510,,,,
2013-01-01 00:08:00,pickup,taxi-1034,license-1030,40.770355,-73.981667,,,,
2013-01-01 00:08:00,pickup,taxi-406,license-403,40.741867,-74.004730,,,,
2013-01-01 00:08:00,pickup,taxi-189,license-186,40.742851,-73.984444,,,,
2013-01-01 00:08:00,pickup,taxi-2507,license-2504,40.736401,-73.988480,,,,
2013-01-01 00:08:00,pickup,taxi-629,license-625,40.744148,-73.995895,,,,
2013-01-01 00:08:00,pickup,taxi-196,license-193,40.776871,-73.946495,,,,
2013-01-01 00:08:00,pickup,taxi-1208,license-1204,40.754131,-73.980629,,,,
2013-01-01 00:08:00,pickup,taxi-1673,license-1669,40.741089,-73.989174,,,,
2013-01-01 00:08:00,pickup,taxi-762,license-758,40.755627,-73.976128,,,,
2013-01-01 00:08:00,pickup,taxi-1302,license-1298,0.000000,0.000000,,,,
2013-01-01 00:08:00,pickup,taxi-672,license-668,40.707420,-74.004120,,,,
2013-01-01 00:08:00,pickup,taxi-995,license-991,40.739601,-74.006340,,,,
2013-01-01 00:08:00,pickup,taxi-2891,license-2888,40.771797,-73.982880,,,,
2013-01-01 00:08:00,pickup,taxi-759,license-755,40.750275,-73.991173,,,,
2013-01-01 00:08:00,pickup,taxi-550,license-547,40.735981,-74.001434,,,,
2013-01-01 00:08:00,pickup,taxi-369,license-366,40.775166,-73.960976,,,,
2013-01-01 00:08:00,pickup,taxi-2524,license-2521,40.747578,-73.973885,,,,
2013-01-01 00:08:00,pickup,taxi-2026,license-2022,40.741467,-73.981323,,,,
2013-01-01 00:08:00,pickup,taxi-368,license-365,40.710796,-74.008926,,,,
2013-01-01 00:08:00,pickup,taxi-886,license-882,40.789902,-73.980026,,,,
2013-01-01 00:08:00,pickup,taxi-989,license-985,40.714073,-74.014938,,,,
2013-01-01 00:08:00,pickup,taxi-758,license-754,40.784538,-73.981110,,,,
2013-01-01 00:08:00,pickup,taxi-864,license-860,40.739464,-74.001884,,,,
2013-01-01 00:08:00,pickup,taxi-2160,license-2156,40.734783,-73.988457,,,,
2013-01-01 00:08:00,pickup,taxi-213,license-210,40.763985,-73.973221,,,,
2013-01-01 00:08:00,pickup,taxi-365,license-362,40.738434,-73.991623,,,,
2013-01-01 00:08:00,pickup,taxi-1845,license-1841,40.740089,-73.987892,,,,
2013-01-01 00:08:00,dropoff,taxi-62,license-59,40.735298,-73.991974,8.30,1.30,300,1.16
2013-01-01 00:08:00,pickup,taxi-779,license-775,40.682945,-73.976585,,,,
2013-01-01 00:08:00,pickup,taxi-1052,license-1048,40.757877,-73.969322,,,,
2013-01-01 00:08:00,pickup,taxi-2105,license-2101,40.733597,-73.984093,,,,
2013-01-01 00:08:00,pickup,taxi-3915,license-3912,40.764851,-73.984406,,,,
2013-01-01 00:08:00,pickup,taxi-360,license-357,40.734097,-73.990944,,,,
2013-01-01 00:08:00,pickup,taxi-1329,license-1325,40.744244,-73.997940,,,,
2013-01-01 00:08:00,pickup,taxi-359,license-356,40.723354,-73.988396,,,,
2013-01-01 00:08:00,pickup,taxi-691,license-687,40.720676,-73.993904,,,,
2013-01-01 00:08:00,pickup,taxi-2822,license-2819,0.000000,0.000000,,,,
2013-01-01 00:08:00,pickup,taxi-219,license-216,40.738274,-74.004089,,,,
2013-01-01 00:08:00,pickup,taxi-1189,license-1185,40.750919,-73.978355,,,,
2013-01-01 00:08:00,pickup,taxi-750,license-746,40.742538,-73.984993,,,,
2013-01-01 00:08:00,pickup,taxi-1869,license-1865,40.764729,-73.995552,,,,
2013-01-01 00:08:00,pickup,taxi-2562,license-2559,40.644711,-73.782021,,,,
2013-01-01 00:08:00,pickup,taxi-225,license-222,40.714508,-73.965057,,,,
2013-01-01 00:08:00,pickup,taxi-229,license-226,40.744183,-74.006699,,,,
2013-01-01 00:08:00,pickup,taxi-855,license-851,40.763306,-73.974197,,,,
2013-01-01 00:08:00,pickup,taxi-1618,license-1614,40.731461,-73.988525,,,,
2013-01-01 00:08:00,pickup,taxi-1356,license-1352,40.791885,-73.973900,,,,
2013-01-01 00:08:00,pickup,taxi-1357,license-1353,40.739998,-74.005981,,,,
2013-01-01 00:08:00,pickup,taxi-2572,license-2569,40.776791,-73.955505,,,,
2013-01-01 00:08:00,pickup,taxi-742,license-738,40.745293,-73.978561,,,,
2013-01-01 00:08:00,pickup,taxi-236,license-233,40.749218,-73.995628,,,,
2013-01-01 00:08:00,pickup,taxi-1615,license-1611,40.765877,-73.988731,,,,
2013-01-01 00:08:00,pickup,taxi-350,license-347,40.727787,-73.979263,,,,
2013-01-01 00:08:00,pickup,taxi-741,license-737,40.754192,-73.980476,,,,
2013-01-01 00:08:00,pickup,taxi-848,license-844,40.741756,-73.989494,,,,
2013-01-01 00:08:00,pickup,taxi-432,license-429,40.764801,-73.964333,,,,
2013-01-01 00:08:00,pickup,taxi-965,license-961,40.760231,-73.967438,,,,
2013-01-01 00:08:00,pickup,taxi-3080,license-3077,40.752823,-73.985680,,,,
2013-01-01 00:08:00,pickup,taxi-2330,license-2326,40.755951,-73.992332,,,,
2013-01-01 00:08:00,pickup,taxi-2763,license-2760,40.732159,-74.001450,,,,
2013-01-01 00:08:00,pickup,taxi-2758,license-2755,40.823837,-73.952438,,,,
2013-01-01 00:08:00,pickup,taxi-2755,license-2752,40.727707,-74.001305,,,,
2013-01-01 00:08:00,pickup,taxi-1906,license-1902,40.720940,-73.956825,,,,
2013-01-01 00:08:00,pickup,taxi-894,license-890,40.763386,-73.969543,,,,
2013-01-01 00:08:00,pickup,taxi-35,license-32,40.771812,-73.959122,,,,
2013-01-01 00:08:00,pickup,taxi-2597,license-2594,40.772125,-73.982353,,,,
2013-01-01 00:08:00,pickup,taxi-807,license-803,40.721867,-73.997261,,,,
2013-01-01 00:08:00,pickup,taxi-1915,license-1911,40.751663,-74.003792,,,,
2013-01-01 00:08:00,pickup,taxi-1169,license-1165,40.783962,-73.952209,,,,
2013-01-01 00:08:00,pickup,taxi-243,license-240,40.732479,-73.987762,,,,
2013-01-01 00:08:00,pickup,taxi-808,license-804,40.776806,-73.979187,,,,
2013-01-01 00:08:00,pickup,taxi-1379,license-1375,40.742867,-74.005714,,,,
2013-01-01 00:08:00,pickup,taxi-2082,license-2078,40.769920,-73.992386,,,,
2013-01-01 00:08:00,pickup,taxi-512,license-509,40.728378,-73.999596,,,,
2013-01-01 00:08:00,pickup,taxi-2080,license-2076,40.760342,-73.975517,,,,
2013-01-01 00:08:00,pickup,taxi-614,license-610,40.720718,-73.989830,,,,
2013-01-01 00:08:00,dropoff,taxi-50,license-47,40.763626,-73.967209,6.00,0.00,180,0.89
2013-01-01 00:08:00,pickup,taxi-341,license-338,40.783062,-73.980591,,,,
2013-01-01 00:08:00,pickup,taxi-1590,license-1586,40.761333,-73.997849,,,,
2013-01-01 00:08:00,pickup,taxi-1156,license-1152,40.748306,-73.974327,,,,
2013-01-01 00:08:00,pickup,taxi-2303,license-2299,40.729748,-74.002121,,,,
2013-01-01 00:08:00,pickup,taxi-1152,license-1148,40.744156,-74.006752,,,,
2013-01-01 00:08:00,dropoff,taxi-73,license-70,40.777012,-73.949593,6.00,1.00,180,0.40
2013-01-01 00:08:00,dropoff,taxi-72,license-69,40.792328,-73.964317,11.80,3.30,360,1.67
2013-01-01 00:08:00,pickup,taxi-1079,license-1075,40.764156,-73.976540,,,,
2013-01-01 00:08:00,dropoff,taxi-71,license-68,40.689110,-73.970070,7.50,0.00,300,1.37
2013-01-01 00:08:00,dropoff,taxi-70,license-67,40.776779,-73.955605,9.50,0.00,420,2.03
2013-01-01 00:08:00,dropoff,taxi-69,license-66,40.752132,-73.971481,7.50,0.00,480,0.85
2013-01-01 00:08:00,dropoff,taxi-68,license-65,40.757927,-73.977737,10.70,1.70,480,1.68
2013-01-01 00:08:00,pickup,taxi-608,license-604,0.000000,0.000000,,,,
2013-01-01 00:08:00,dropoff,taxi-67,license-64,40.768147,-73.952789,6.00,0.00,240,0.87
2013-01-01 00:08:00,dropoff,taxi-66,license-63,40.768436,-73.988983,7.00,1.00,180,1.10
2013-01-01 00:08:00,dropoff,taxi-65,license-62,40.723808,-73.985184,10.50,1.50,420,1.66
2013-01-01 00:08:00,pickup,taxi-2220,license-2216,40.794956,-73.966064,,,,
2013-01-01 00:08:00,pickup,taxi-3521,license-3518,40.765060,-73.987778,,,,
2013-01-01 00:08:00,dropoff,taxi-64,license-61,0.000000,0.000000,5.50,0.00,120,0.76
2013-01-01 00:08:00,dropoff,taxi-63,license-60,40.753292,-73.966682,11.30,1.80,420,2.26
2013-01-01 00:08:00,dropoff,taxi-61,license-58,40.699738,-73.982033,6.00,0.00,240,0.06
2013-01-01 00:08:00,pickup,taxi-944,license-940,40.740135,-74.005928,,,,
2013-01-01 00:08:00,pickup,taxi-260,license-257,40.796478,-73.972351,,,,
2013-01-01 00:08:00,pickup,taxi-898,license-894,40.752331,-73.979721,,,,
2013-01-01 00:08:00,pickup,taxi-507,license-504,40.784061,-73.958580,,,,
2013-01-01 00:08:00,pickup,taxi-2077,license-2073,40.744194,-73.984093,,,,
2013-01-01 00:08:00,dropoff,taxi-60,license-57,40.723984,-73.973557,10.00,0.00,300,2.52
2013-01-01 00:08:00,pickup,taxi-3503,license-3500,40.723701,-74.003578,,,,
2013-01-01 00:08:00,dropoff,taxi-59,license-56,40.776649,-73.948898,12.50,2.00,480,2.73
2013-01-01 00:08:00,dropoff,taxi-58,license-55,40.763165,-73.994034,3.50,0.00,60,0.10
2013-01-01 00:08:00,pickup,taxi-1566,license-1562,40.771832,-73.982948,,,,
2013-01-01 00:08:00,pickup,taxi-1423,license-1419,40.764309,-73.976845,,,,
2013-01-01 00:08:00,pickup,taxi-573,license-569,40.732124,-73.990082,,,,
2013-01-01 00:08:00,dropoff,taxi-57,license-54,40.767792,-73.964111,6.00,0.00,180,1.12
2013-01-01 00:08:00,pickup,taxi-458,license-455,40.731583,-73.989258,,,,
2013-01-01 00:08:00,pickup,taxi-574,license-570,40.743359,-73.992538,,,,
2013-01-01 00:08:00,pickup,taxi-1425,license-1421,40.759457,-73.966240,,,,
2013-01-01 00:08:00,dropoff,taxi-56,license-53,40.745323,-73.977150,6.50,1.00,240,0.47
2013-01-01 00:08:00,dropoff,taxi-55,license-52,40.746593,-73.991913,7.00,0.00,360,0.07
2013-01-01 00:08:00,pickup,taxi-841,license-837,40.769703,-73.995041,,,,
2013-01-01 00:08:00,dropoff,taxi-54,license-51,40.787163,-73.954048,7.00,1.00,240,0.84
2013-01-01 00:08:00,dropoff,taxi-53,license-50,40.751408,-73.976074,5.50,0.00,240,0.68
2013-01-01 00:08:00,dropoff,taxi-52,license-49,40.779362,-73.895660,6.50,0.00,240,1.15
2013-01-01 00:08:00,pickup,taxi-3571,license-3568,40.745106,-73.992165,,,,
2013-01-01 00:08:00,pickup,taxi-936,license-932,40.731827,-73.985405,,,,
2013-01-01 00:08:00,dropoff,taxi-51,license-48,40.798443,-73.937149,7.00,0.00,240,1.31
2013-01-01 00:08:00,pickup,taxi-34,license-31,40.721947,-73.999710,,,,
2013-01-01 00:08:00,pickup,taxi-1091,license-1087,40.769699,-73.957802,,,,
2013-01-01 00:08:00,dropoff,taxi-49,license-46,40.756214,-73.978882,6.00,0.00,300,0.52
2013-01-01 00:08:00,pickup,taxi-1976,license-1972,40.810665,-73.961868,,,,
2013-01-01 00:08:00,pickup,taxi-465,license-462,40.752197,-73.985580,,,,
2013-01-01 00:08:00,dropoff,taxi-48,license-45,40.806355,-73.940224,8.50,0.00,300,2.14
2013-01-01 00:08:00,pickup,taxi-2060,license-2056,40.801888,-73.957207,,,,
2013-01-01 00:08:00,dropoff,taxi-47,license-44,40.742676,-74.003372,6.50,0.00,240,1.15
2013-01-01 00:08:00,pickup,taxi-467,license-464,40.756481,-73.993790,,,,
2013-01-01 00:08:00,pickup,taxi-577,license-573,40.809959,-73.951393,,,,
2013-01-01 00:08:00,pickup,taxi-2295,license-2291,40.735981,-74.001472,,,,
2013-01-01 00:08:00,dropoff,taxi-46,license-43,40.712570,-73.949890,5.50,0.00,300,0.37
2013-01-01 00:08:00,pickup,taxi-500,license-497,40.811455,-73.954201,,,,
2013-01-01 00:08:00,pickup,taxi-499,license-496,40.728748,-74.005241,,,,
2013-01-01 00:08:00,pickup,taxi-3146,license-3143,40.762047,-73.991280,,,,
2013-01-01 00:08:00,dropoff,taxi-45,license-42,40.727840,-73.988274,8.50,0.00,420,1.79
2013-01-01 00:08:00,pickup,taxi-602,license-598,40.709251,-74.016922,,,,
2013-01-01 00:08:00,pickup,taxi-1997,license-1993,40.725384,-73.996895,,,,
2013-01-01 00:08:00,pickup,taxi-1554,license-1550,40.737049,-73.980896,,,,
2013-01-01 00:08:00,pickup,taxi-1440,license-1436,40.723106,-73.940346,,,,
2013-01-01 00:08:00,pickup,taxi-1094,license-1090,40.767517,-73.985977,,,,
2013-01-01 00:08:00,pickup,taxi-1998,license-1994,40.767761,-73.981712,,,,
2013-01-01 00:08:00,pickup,taxi-474,license-471,40.725964,-73.986404,,,,
2013-01-01 00:08:00,pickup,taxi-2292,license-2288,40.742104,-73.989105,,,,
2013-01-01 00:08:00,pickup,taxi-280,license-277,40.704231,-74.008865,,,,
2013-01-01 00:08:00,pickup,taxi-1133,license-1129,40.746147,-73.977798,,,,
2013-01-01 00:08:00,pickup,taxi-317,license-314,40.776901,-73.959358,,,,
2013-01-01 00:08:00,pickup,taxi-925,license-921,40.746723,-73.990028,,,,
2013-01-01 00:08:00,pickup,taxi-1541,license-1537,40.720169,-73.957375,,,,
2013-01-01 00:08:00,pickup,taxi-3467,license-3464,40.761269,-73.977631,,,,
2013-01-01 00:08:00,pickup,taxi-494,license-491,40.754955,-73.968468,,,,
2013-01-01 00:08:00,pickup,taxi-1463,license-1459,40.751026,-74.004372,,,,
2013-01-01 00:08:00,pickup,taxi-1540,license-1536,40.797825,-73.942261,,,,
2013-01-01 00:08:00,pickup,taxi-2048,license-2044,40.721344,-74.004677,,,,
2013-01-01 00:08:00,pickup,taxi-2248,license-2244,40.758392,-73.962753,,,,
2013-01-01 00:08:00,pickup,taxi-313,license-310,40.762737,-73.965485,,,,
2013-01-01 00:08:00,pickup,taxi-913,license-909,40.759056,-73.993958,,,,
2013-01-01 00:08:00,pickup,taxi-922,license-918,40.731644,-73.974167,,,,
2013-01-01 00:08:00,pickup,taxi-1120,license-1116,40.718739,-74.010277,,,,
2013-01-01 00:08:00,pickup,taxi-297,license-294,40.780140,-73.953163,,,,
2013-01-01 00:08:00,pickup,taxi-1103,license-1099,40.726250,-74.005707,,,,
2013-01-01 00:08:00,pickup,taxi-635,license-631,40.743614,-73.920654,,,,
2013-01-01 00:08:00,pickup,taxi-491,license-488,40.746330,-73.977638,,,,
2013-01-01 00:08:00,pickup,taxi-643,license-639,40.764065,-73.958641,,,,
2013-01-01 00:08:00,pickup,taxi-300,license-297,40.706356,-73.925438,,,,
2013-01-01 00:08:00,pickup,taxi-3195,license-3192,40.741161,-73.978531,,,,
2013-01-01 00:08:00,pickup,taxi-488,license-485,40.739529,-73.992424,,,,
2013-01-01 00:08:00,pickup,taxi-1508,license-1504,40.798950,-73.962868,,,,
2013-01-01 00:08:00,pickup,taxi-304,license-301,40.771702,-73.961349,,,,
2013-01-01 00:08:00,pickup,taxi-1111,license-1107,40.756756,-73.978699,,,,
